,episode_name,character_name
0,Guardians of Sunshine,BMO
1,Video Makers,BMO
2,What Was Missing,BMO
3,The Creeps,BMO
4,Holly Jolly Secrets Part I,BMO
5,Holly Jolly Secrets Part II,BMO
6,Five Short Graybles,BMO
7,Hug Wolf,BMO
8,BMO Noire,BMO
9,Five More Short Graybles,BMO
10,Puhoy,BMO
11,BMO Lost,BMO
12,James Baxter the Horse,BMO
13,Shh!,BMO
14,Be More,BMO
15,We Fixed a Truck,BMO
16,Apple Wedding,BMO
17,Ghost Fly,BMO
18,Jake The Brick,BMO
19,Chips and Ice Cream,BMO
20,Graybles 1000+,BMO
21,All's Well That Rats Swell,BMO
22,Football,BMO
23,"The More You Moe, The Moe You Know (Part I)",BMO
24,"The More You Moe, The Moe You Know (Part II)",BMO
25,Angel Face,BMO
26,Bad Jubies,BMO
27,Horse and Ball,BMO
28,The Invitation,BMO
29,Whipple The Happy Dragon,BMO
30,Imaginary Resources,BMO
31,The Light Cloud,BMO
32,Orb,BMO
33,Skyhooks,BMO
34,Ketchup,BMO
35,Always BMO Closing,BMO
36,Seventeen,BMO
37,Come Along With Me,BMO
38,BMO,BMO
39,Business Time,BMO
40,My Two Favorite People,BMO
41,Evicted!,BMO
42,What is Life?,BMO
43,Donny,BMO
44,Rainy Day Daydream,BMO
45,Slow Love,BMO
46,Power Animal,BMO
47,Her Parents,BMO
48,Conquest of Cuteness,BMO
49,Too Young,BMO
50,The Monster,BMO
51,Fionna and Cake,BMO
52,The New Frontier,BMO
53,Dad's Dungeon,BMO
54,Incendium,BMO
55,Dream of Love,BMO
56,Daddy's Little Monster,BMO
57,In Your Footsteps,BMO
58,Beyond this Earthly Realm,BMO
59,Card Wars,BMO
60,Gotcha!,BMO
61,Burning Low,BMO
62,King Worm,BMO
63,All the Little People,BMO
64,Jake the Dad,BMO
65,Davey,BMO
66,Little Dude,BMO
67,Bad Little Boy,BMO
68,A Glitch is a Glitch,BMO
69,One Last Job,BMO
70,Another Five More Short Graybles,BMO
71,Candy Streets,BMO
72,Jake Suit,BMO
73,Frost & Fire,BMO
74,Too Old,BMO
75,Earth & Water,BMO
76,Time Sandwich,BMO
77,The Vault,BMO
78,Love Games,BMO
79,Box Prince,BMO
80,Play Date,BMO
81,The Pit,BMO
82,The Tower,BMO
83,Sad Face,BMO
84,Furniture & Meat,BMO
85,"Thanks for the Crabapples, Giuseppe",BMO
86,Joshua and Margaret Investigations,BMO
87,Everything's Jake,BMO
88,The Visitor,BMO
89,The Mountain,BMO
90,Dark Purple,BMO
91,Jermaine,BMO
92,Hoots,BMO
93,The Comet,BMO
94,President Porpoise is Missing!,BMO
95,Blank Eyed Girl,BMO
96,Crossover,BMO
97,The Hall of Egress,BMO
98,Flute Spell,BMO
99,Don't Look,BMO
100,Beyond the Grotto,BMO
101,I Am a Sword,BMO
102,The Music Hole,BMO
103,Daddy-Daughter Card Wars,BMO
104,Two Swords,BMO
105,High Strangeness,BMO
106,Mysterious Island,BMO
107,Hide and Seek,BMO
108,Min and Marty,BMO
109,Helpers,BMO
110,Hero Heart,BMO
111,Skyhooks II,BMO
112,Abstract,BMO
113,Fionna and Cake and Fionna,BMO
114,Whispers,BMO
115,Three Buckets,BMO
116,Son of Rap Bear,BMO
117,Bonnibel Bubblegum,BMO
118,Blenanas,BMO
119,Pilot,Finn
120,Slumber Party Panic,Finn
121,Trouble in Lumpy Space,Finn
122,Prisoners of Love,Finn
123,Tree Trunks,Finn
124,The Enchiridion!,Finn
125,The Jiggler,Finn
126,Ricardio the Heart Guy,Finn
127,Business Time,Finn
128,My Two Favorite People,Finn
129,Memories of Boom Boom Mountain,Finn
130,Wizard,Finn
131,[237],Finn
132,Evicted!,Finn
133,City of Thieves,Finn
134,The Witch's Garden,Finn
135,What is Life?,Finn
136,Ocean of Fear,Finn
137,When Wedding Bells Thaw,Finn
138,Dungeon,Finn
139,The Duke,Finn
140,Freak City,Finn
141,Donny,Finn
142,Henchman,Finn
143,Rainy Day Daydream,Finn
144,What Have You Done?,Finn
145,Gut Grinder,Finn
146,[238],Finn
147,His Hero,Finn
148,[239],Finn
149,It Came from the Nightosphere,Finn
150,[240],Finn
151,The Eyes,Finn
152,[241],Finn
153,Loyalty to the King,Finn
154,[242],Finn
155,Blood Under the Skin,Finn
156,[243],Finn
157,Storytelling,Finn
158,Slow Love,Finn
159,[244],Finn
160,Power Animal,Finn
161,[245],Finn
162,Crystals Have Power,Finn
163,The Other Tarts,Finn
164,[246],Finn
165,To Cut a Woman's Hair,Finn
166,[247],Finn
167,The Chamber of Frozen Blades,Finn
168,Her Parents,Finn
169,[248],Finn
170,The Pods,Finn
171,[249],Finn
172,The Silent King,Finn
173,[250],Finn
174,The Real You,Finn
175,[251],Finn
176,Guardians of Sunshine,Finn
177,[252],Finn
178,Death in Bloom,Finn
179,[253],Finn
180,Susan Strong,Finn
181,[254],Finn
182,Mystery Train,Finn
183,[255],Finn
184,Go With Me,Finn
185,Belly of the Beast,Finn
186,[256],Finn
187,The Limit,Finn
188,[257],Finn
189,Video Makers,Finn
190,[258],Finn
191,Heat Signature,Finn
192,[259],Finn
193,Mortal Folly,Finn
194,[260],Finn
195,Mortal Recoil,Finn
196,Conquest of Cuteness,Finn
197,[261],Finn
198,Morituri Te Salutamus,Finn
199,[262],Finn
200,Memory of a Memory,Finn
201,[263],Finn
202,Hitman,Finn
203,[264],Finn
204,Too Young,Finn
205,[265],Finn
206,The Monster,Finn
207,[266],Finn
208,Still,Finn
209,[267],Finn
210,Wizard Battle,Finn
211,[268],Finn
212,[269],Finn
213,What Was Missing,Finn
214,[270],Finn
215,Apple Thief,Finn
216,[271],Finn
217,The Creeps,Finn
218,[272],Finn
219,From Bad to Worse,Finn
220,[273],Finn
221,Beautopia,Finn
222,[274],Finn
223,No One Can Hear You,Finn
224,[275],Finn
225,Jake vs. Me-Mow,Finn
226,[276],Finn
227,Thank You,Finn
228,[277],Finn
229,The New Frontier,Finn
230,[278],Finn
231,Holly Jolly Secrets Part I,Finn
232,[43],Finn
233,Holly Jolly Secrets Part II,Finn
234,[43],Finn
235,Marceline's Closet,Finn
236,[279],Finn
237,Paper Pete,Finn
238,Another Way,Finn
239,Ghost Princess,Finn
240,Dad's Dungeon,Finn
241,[280],Finn
242,Incendium,Finn
243,Hot to the Touch,Finn
244,[281],Finn
245,Five Short Graybles,Finn
246,Web Weirdos,Finn
247,Dream of Love,Finn
248,Return to the Nightosphere,Finn
249,Daddy's Little Monster,Finn
250,In Your Footsteps,Finn
251,Hug Wolf,Finn
252,Princess Monster Wife,Finn
253,Goliad,Finn
254,Beyond this Earthly Realm,Finn
255,Gotcha!,Finn
256,[282],Finn
257,Princess Cookie,Finn
258,Card Wars,Finn
259,Sons of Mars,Finn
260,Burning Low,Finn
261,[283],Finn
262,BMO Noire,Finn
263,King Worm,Finn
264,Lady & Peebles,Finn
265,[284],Finn
266,You Made Me,Finn
267,Who Would Win,Finn
268,Ignition Point,Finn
269,[285],Finn
270,The Hard Easy,Finn
271,[286],Finn
272,[287],Finn
273,Reign of Gunters,Finn
274,[288],Finn
275,[289],Finn
276,I Remember You,Finn
277,[290],Finn
278,The Lich,Finn
279,[291],Finn
280,Finn the Human,Finn
281,[57],Finn
282,Jake the Dog,Finn
283,[57],Finn
284,Five More Short Graybles,Finn
285,[292],Finn
286,Up a Tree,Finn
287,[293],Finn
288,All the Little People,Finn
289,[294],Finn
290,Jake the Dad,Finn
291,[61],Finn
292,[295],Finn
293,Davey,Finn
294,[61],Finn
295,[296],Finn
296,Mystery Dungeon,Finn
297,[61],Finn
298,[297],Finn
299,All Your Fault,Finn
300,[61],Finn
301,[298],Finn
302,Little Dude,Finn
303,[299],Finn
304,[300],Finn
305,Bad Little Boy,Finn
306,[301],Finn
307,Vault of Bones,Finn
308,[302],Finn
309,[303],Finn
310,The Great Bird Man,Finn
311,[304],Finn
312,[305],Finn
313,Simon & Marcy,Finn
314,[306],Finn
315,[307],Finn
316,A Glitch is a Glitch,Finn
317,[308],Finn
318,[309],Finn
319,Puhoy,Finn
320,[310],Finn
321,[311],Finn
322,BMO Lost,Finn
323,[312],Finn
324,[313],Finn
325,Princess Potluck,Finn
326,[314],Finn
327,[315],Finn
328,[316],Finn
329,James Baxter the Horse,Finn
330,[317],Finn
331,Shh!,Finn
332,[318],Finn
333,[319],Finn
334,The Suitor,Finn
335,[320],Finn
336,[321],Finn
337,"The Party's Over, Isla de Se単orita",Finn
338,[322],Finn
339,[323],Finn
340,One Last Job,Finn
341,[324],Finn
342,Another Five More Short Graybles,Finn
343,[92],Finn
344,[325],Finn
345,Candy Streets,Finn
346,[92],Finn
347,[326],Finn
348,"Wizards Only, Fools",Finn
349,[327],Finn
350,[328],Finn
351,Jake Suit,Finn
352,[97],Finn
353,[329],Finn
354,Be More,Finn
355,[92],Finn
356,[330],Finn
357,Sky Witch,Finn
358,[92],Finn
359,[331],Finn
360,Frost & Fire,Finn
361,[92],Finn
362,[332],Finn
363,Too Old,Finn
364,[333],Finn
365,[334],Finn
366,Earth & Water,Finn
367,[335],Finn
368,[336],Finn
369,Time Sandwich,Finn
370,[337],Finn
371,[338],Finn
372,The Vault,Finn
373,[339],Finn
374,[340],Finn
375,Love Games,Finn
376,[341],Finn
377,[342],Finn
378,Dungeon Train,Finn
379,[343],Finn
380,[344],Finn
381,Box Prince,Finn
382,[345],Finn
383,[346],Finn
384,Red Starved,Finn
385,[116],Finn
386,[347],Finn
387,We Fixed a Truck,Finn
388,[116],Finn
389,[348],Finn
390,Play Date,Finn
391,[349],Finn
392,The Pit,Finn
393,[350],Finn
394,James,Finn
395,[351],Finn
396,Root Beer Guy,Finn
397,[352],Finn
398,Apple Wedding,Finn
399,[353],Finn
400,Blade of Grass,Finn
401,[354],Finn
402,Rattleballs,Finn
403,[355],Finn
404,The Red Throne,Finn
405,[356],Finn
406,Betty,Finn
407,[357],Finn
408,Bad Timing,Finn
409,[358],Finn
410,Lemonhope Part 1,Finn
411,[359],Finn
412,Lemonhope Part 2,Finn
413,[360],Finn
414,Billy's Bucket List,Finn
415,[361],Finn
416,[362],Finn
417,Wake Up,Finn
418,[133],Finn
419,Escape from the Citadel,Finn
420,[133],Finn
421,James II,Finn
422,[134],Finn
423,The Tower,Finn
424,[363],Finn
425,Sad Face,Finn
426,[364],Finn
427,Breezy,Finn
428,[365],Finn
429,[366],Finn
430,Food Chain,Finn
431,[367],Finn
432,[140],Finn
433,Furniture & Meat,Finn
434,[368],Finn
435,[369],Finn
436,The Prince Who Wanted Everything,Finn
437,[370],Finn
438,[371],Finn
439,Something Big,Finn
440,[372],Finn
441,[373],Finn
442,Little Brother,Finn
443,[374],Finn
444,[375],Finn
445,Ocarina,Finn
446,[376],Finn
447,[377],Finn
448,"Thanks for the Crabapples, Giuseppe",Finn
449,[378],Finn
450,[379],Finn
451,Princess Day,Finn
452,[380],Finn
453,[140],Finn
454,Nemesis,Finn
455,[381],Finn
456,[382],Finn
457,Joshua and Margaret Investigations,Finn
458,[383],Finn
459,[384],Finn
460,Ghost Fly,Finn
461,[385],Finn
462,[386],Finn
463,Everything's Jake,Finn
464,[160],Finn
465,[161],Finn
466,Is That You?,Finn
467,[160],Finn
468,[161],Finn
469,Jake The Brick,Finn
470,[160],Finn
471,[387],Finn
472,Dentist,Finn
473,[388],Finn
474,[389],Finn
475,The Cooler,Finn
476,[390],Finn
477,The Pajama War,Finn
478,[391],Finn
479,Evergreen,Finn
480,[392],Finn
481,Astral Plane,Finn
482,[393],Finn
483,Gold Stars,Finn
484,[394],Finn
485,The Visitor,Finn
486,[395],Finn
487,The Mountain,Finn
488,[396],Finn
489,Dark Purple,Finn
490,[397],Finn
491,The Diary,Finn
492,[398],Finn
493,Walnuts & Rain,Finn
494,[399],Finn
495,Friends Forever,Finn
496,[400],Finn
497,Jermaine,Finn
498,[401],Finn
499,Chips and Ice Cream,Finn
500,[402],Finn
501,Graybles 1000+,Finn
502,[403],Finn
503,Hoots,Finn
504,[404],Finn
505,Water Park Prank,Finn
506,[405],Finn
507,You Forgot Your Floaties,Finn
508,[406],Finn
509,Be Sweet,Finn
510,[407],Finn
511,Orgalorg,Finn
512,[408],Finn
513,On the Lam,Finn
514,[409],Finn
515,Hot Diggity Doom,Finn
516,[410],Finn
517,The Comet,Finn
518,[411],Finn
519,Bonnie and Neddy,Finn
520,Varmints,Finn
521,Cherry Cream Soda,Finn
522,Mama Said,Finn
523,Football,Finn
524,Marceline The Vampire Queen,Finn
525,Everything Stays,Finn
526,Vamps About,Finn
527,The Empress Eyes,Finn
528,May I Come In?,Finn
529,Take Her Back,Finn
530,Checkmate,Finn
531,The Dark Cloud,Finn
532,"The More You Moe, The Moe You Know (Part I)",Finn
533,"The More You Moe, The Moe You Know (Part II)",Finn
534,Summer Showers,Finn
535,Angel Face,Finn
536,President Porpoise is Missing!,Finn
537,Blank-Eyed Girl,Finn
538,Bad Jubies,Finn
539,King's Ransom,Finn
540,Scamps,Finn
541,Crossover,Finn
542,The Hall of Egress,Finn
543,Flute Spell,Finn
544,The Thin Yellow Line,Finn
545,Broke His Crown,Finn
546,Don't Look,Finn
547,Beyond the Grotto,Finn
548,Lady Rainicorn of the Crystal Dimension,Finn
549,I Am a Sword,Finn
550,Bun Bun,Finn
551,Normal Man,Finn
552,Elemental,Finn
553,Five Short Tables,Finn
554,The Music Hole,Finn
555,[412],Finn
556,Daddy-Daughter Card Wars,Finn
557,[413],Finn
558,Preboot,Finn
559,[189],Finn
560,[190],Finn
561,Reboot,Finn
562,[189],Finn
563,[190],Finn
564,Two Swords,Finn
565,[191],Finn
566,[192],Finn
567,Do No Harm,Finn
568,[191],Finn
569,[192],Finn
570,Wheels,Finn
571,[191],Finn
572,[414],Finn
573,High Strangeness,Finn
574,[191],Finn
575,[415],Finn
576,Horse and Ball,Finn
577,[191],Finn
578,[416],Finn
579,Jelly Beans Have Power,Finn
580,[191],Finn
581,[417],Finn
582,The Invitation,Finn
583,[191],Finn
584,[197],Finn
585,Whipple the Happy Dragon,Finn
586,[191],Finn
587,[197],Finn
588,Mysterious Island,Finn
589,[191],Finn
590,[198],Finn
591,Imaginary Resources,Finn
592,[191],Finn
593,[198],Finn
594,Hide and Seek,Finn
595,[191],Finn
596,[199],Finn
597,Min and Marty,Finn
598,[191],Finn
599,[199],Finn
600,Helpers,Finn
601,[191],Finn
602,[200],Finn
603,The Light Cloud,Finn
604,[191],Finn
605,[200],Finn
606,Orb,Finn
607,[201],Finn
608,[418],Finn
609,Skyhooks,Finn
610,[201],Finn
611,[203],Finn
612,Bespoken For,Finn
613,[201],Finn
614,[203],Finn
615,Winter Light,Finn
616,[201],Finn
617,[204],Finn
618,Cloudy,Finn
619,[201],Finn
620,[204],Finn
621,Slime Central,Finn
622,[201],Finn
623,[205],Finn
624,Happy Warrior,Finn
625,[201],Finn
626,[205],Finn
627,Hero Heart,Finn
628,[201],Finn
629,[206],Finn
630,Skyhooks II,Finn
631,[201],Finn
632,[206],Finn
633,Abstract,Finn
634,[419],Finn
635,[420],Finn
636,Ketchup,Finn
637,[421],Finn
638,[422],Finn
639,Fionna and Cake and Fionna,Finn
640,[423],Finn
641,[424],Finn
642,Whispers,Finn
643,[425],Finn
644,[426],Finn
645,Three Buckets,Finn
646,[427],Finn
647,[428],Finn
648,The Wild Hunt,Finn
649,[217],Finn
650,[218],Finn
651,Always BMO Closing,Finn
652,[217],Finn
653,[218],Finn
654,Son of Rap Bear,Finn
655,[217],Finn
656,[218],Finn
657,Bonnibel Bubblegum,Finn
658,[217],Finn
659,[218],Finn
660,Seventeen,Finn
661,[429],Finn
662,[430],Finn
663,Ring of Fire,Finn
664,[431],Finn
665,[432],Finn
666,Marcy & Hunson,Finn
667,[433],Finn
668,[434],Finn
669,The First Investigation,Finn
670,[435],Finn
671,[436],Finn
672,Blenanas,Finn
673,[437],Finn
674,[438],Finn
675,Jake the Starchild,Finn
676,[439],Finn
677,[440],Finn
678,Temple of Mars,Finn
679,[441],Finn
680,[442],Finn
681,Gumbaldia,Finn
682,[443],Finn
683,[444],Finn
684,Come Along With Me,Finn
685,[445],Finn
686,[446],Finn
687,BMO,Finn
688,Obsidian,Finn
689,Wizard City,Finn
690,Together Again,Finn
691,Animated short,Ice King
692,Prisoners of Love,Ice King
693,Ricardio the Heart Guy,Ice King
694,What is Life?,Ice King
695,When Wedding Bells Thaw,Ice King
696,What Have You Done?,Ice King
697,The Eyes,Ice King
698,Loyalty to the King,Ice King
699,The Chamber of Frozen Blades,Ice King
700,Mortal Folly,Ice King
701,Mortal Recoil,Ice King
702,The Wand,Ice King
703,Hitman,Ice King
704,Still,Ice King
705,Wizard Battle,Ice King
706,Holly Jolly Secrets Part I,Ice King
707,Holly Jolly Secrets Part II,Ice King
708,Five Short Graybles,Ice King
709,Princess Monster Wife,Ice King
710,Beyond this Earthly Realm,Ice King
711,Reign of Gunters,Ice King
712,I Remember You,Ice King
713,Five More Short Graybles,Ice King
714,Mystery Dungeon,Ice King
715,Bad Little Boy,Ice King
716,Simon & Marcy,Ice King
717,A Glitch is a Glitch,Ice King
718,Princess Potluck,Ice King
719,"The Party's Over, Isla de Se単orita",Ice King
720,Another Five More Short Graybles,Ice King
721,Frost & Fire,Ice King
722,Play Date,Ice King
723,Betty,Ice King
724,The Prince Who Wanted Everything,Ice King
725,"Thanks for the Crabapples, Giuseppe",Ice King
726,Friends Forever,Ice King
727,Graybles 1000+,Ice King
728,Water Park Prank,Ice King
729,Orgalorg,Ice King
730,"Sow, Do You like Them Apples",Ice King
731,Empress Eyes,Ice King
732,King's Ransom,Ice King
733,Broke His Crown,Ice King
734,Frog Seasons: Winter,Ice King
735,Elemental,Ice King
736,Five Short Tables,Ice King
737,The Music Hole,Ice King
738,Bespoken For,Ice King
739,Winter Light,Ice King
740,Hero Heart,Ice King
741,Skyhooks II,Ice King
742,Fionna and Cake and Fionna,Ice King
743,Always BMO Closing,Ice King
744,Blenanas,Ice King
745,Come Along With Me,Ice King
746,Evicted!,Ice King
747,It Came from the Nightosphere,Ice King
748,Conquest of Cuteness,Ice King
749,Fionna and Cake,Ice King
750,Thank You,Ice King
751,King Worm,Ice King
752,Lady & Peebles,Ice King
753,The Lich,Ice King
754,Finn The Human,Ice King
755,Jake the Dog,Ice King
756,All the Little People,Ice King
757,"Wizards Only, Fools",Ice King
758,Jake Suit,Ice King
759,Earth & Water,Ice King
760,Love Games,Ice King
761,We Fixed a Truck,Ice King
762,Something Big,Ice King
763,Jake The Brick,Ice King
764,The Cooler,Ice King
765,Evergreen,Ice King
766,Astral Plane,Ice King
767,Hoots,Ice King
768,You Forgot Your Floaties,Ice King
769,Everything Stays,Ice King
770,Take Her Back,Ice King
771,The Dark Cloud,Ice King
772,Summer Showers,Ice King
773,President Porpoise is Missing!,Ice King
774,Crossover,Ice King
775,Don't Look,Ice King
776,Beyond the Grotto,Ice King
777,Do No Harm,Ice King
778,Jelly Beans Have Power,Ice King
779,The Light Cloud,Ice King
780,Skyhooks,Ice King
781,Cloudy,Ice King
782,Slime Central,Ice King
783,Happy Warrior,Ice King
784,Seventeen,Ice King
785,Gumbaldia,Ice King
786,Diamonds and Lemons,Ice King
787,Obsidian,Ice King
788,Together Again,Ice King
789,Business Time,Ice King
790,Little Dude,Ice King
791,Time Sandwich,Ice King
792,Bad Timing,Ice King
793,Vamps About,Ice King
794,May I Come In?,Ice King
795,Blank-Eyed Girl,Ice King
796,Bun Bun,Ice King
797,Preboot,Ice King
798,Three Buckets,Ice King
799,Son of Rap Bear,Ice King
800,Marcy & Hunson,Ice King
801,Temple of Mars,Ice King
802,Issue 1,Ice King
803,Issue 2,Ice King
804,Issue 3,Ice King
805,Issue 4,Ice King
806,Issue 5,Ice King
807,Issue 6,Ice King
808,Issue 10,Ice King
809,Issue 12,Ice King
810,Issue 16,Ice King
811,Issue 17,Ice King
812,Issue 18,Ice King
813,Issue 19,Ice King
814,Issue 20,Ice King
815,Pilot,Jake
816,Slumber Party Panic,Jake
817,Trouble in Lumpy Space,Jake
818,Prisoners of Love,Jake
819,Tree Trunks,Jake
820,The Enchiridion!,Jake
821,The Jiggler,Jake
822,Ricardio the Heart Guy,Jake
823,Business Time,Jake
824,My Two Favorite People,Jake
825,Memories of Boom Boom Mountain,Jake
826,Wizard,Jake
827,[237],Jake
828,Evicted!,Jake
829,City of Thieves,Jake
830,The Witch's Garden,Jake
831,Ocean of Fear,Jake
832,When Wedding Bells Thaw,Jake
833,Dungeon,Jake
834,The Duke,Jake
835,Freak City,Jake
836,Donny,Jake
837,Henchman,Jake
838,Rainy Day Daydream,Jake
839,What Have You Done?,Jake
840,Gut Grinder,Jake
841,[238],Jake
842,His Hero,Jake
843,[239],Jake
844,It Came from the Nightosphere,Jake
845,[240],Jake
846,The Eyes,Jake
847,[241],Jake
848,Loyalty to the King,Jake
849,[242],Jake
850,Blood Under the Skin,Jake
851,[243],Jake
852,Storytelling,Jake
853,Slow Love,Jake
854,[244],Jake
855,Power Animal,Jake
856,[245],Jake
857,Crystals Have Power,Jake
858,The Other Tarts,Jake
859,[246],Jake
860,To Cut a Woman's Hair,Jake
861,[247],Jake
862,The Chamber of Frozen Blades,Jake
863,Her Parents,Jake
864,[248],Jake
865,The Pods,Jake
866,[249],Jake
867,The Silent King,Jake
868,[250],Jake
869,The Real You,Jake
870,[251],Jake
871,Guardians of Sunshine,Jake
872,[252],Jake
873,Death in Bloom,Jake
874,[253],Jake
875,Susan Strong,Jake
876,[254],Jake
877,Mystery Train,Jake
878,[255],Jake
879,Go With Me,Jake
880,Belly of the Beast,Jake
881,[256],Jake
882,The Limit,Jake
883,[257],Jake
884,Video Makers,Jake
885,[258],Jake
886,Heat Signature,Jake
887,[259],Jake
888,Mortal Folly,Jake
889,[260],Jake
890,Mortal Recoil,Jake
891,Conquest of Cuteness,Jake
892,[261],Jake
893,Morituri Te Salutamus,Jake
894,[262],Jake
895,Memory of a Memory,Jake
896,[263],Jake
897,Hitman,Jake
898,[264],Jake
899,Too Young,Jake
900,[265],Jake
901,The Monster,Jake
902,[266],Jake
903,Still,Jake
904,[267],Jake
905,Wizard Battle,Jake
906,[268],Jake
907,Fionna and Cake,Jake
908,[269],Jake
909,What Was Missing,Jake
910,[270],Jake
911,Apple Thief,Jake
912,[271],Jake
913,The Creeps,Jake
914,[272],Jake
915,From Bad to Worse,Jake
916,[273],Jake
917,Beautopia,Jake
918,[274],Jake
919,No One Can Hear You,Jake
920,[275],Jake
921,Jake vs. Me-Mow,Jake
922,[276],Jake
923,Thank You,Jake
924,[277],Jake
925,The New Frontier,Jake
926,[278],Jake
927,Holly Jolly Secrets Part I,Jake
928,[43],Jake
929,Holly Jolly Secrets Part II,Jake
930,[43],Jake
931,Marceline's Closet,Jake
932,[279],Jake
933,Paper Pete,Jake
934,Another Way,Jake
935,Ghost Princess,Jake
936,Dad's Dungeon,Jake
937,[280],Jake
938,Incendium,Jake
939,Hot to the Touch,Jake
940,[281],Jake
941,Five Short Graybles,Jake
942,Web Weirdos,Jake
943,Dream of Love,Jake
944,Return to the Nightosphere,Jake
945,Daddy's Little Monster,Jake
946,In Your Footsteps,Jake
947,Hug Wolf,Jake
948,Princess Monster Wife,Jake
949,Goliad,Jake
950,Beyond this Earthly Realm,Jake
951,Gotcha!,Jake
952,[282],Jake
953,Princess Cookie,Jake
954,Card Wars,Jake
955,Sons of Mars,Jake
956,Burning Low,Jake
957,[283],Jake
958,BMO Noire,Jake
959,King Worm,Jake
960,Lady & Peebles,Jake
961,[284],Jake
962,You Made Me,Jake
963,Who Would Win,Jake
964,Ignition Point,Jake
965,[285],Jake
966,The Hard Easy,Jake
967,[286],Jake
968,[287],Jake
969,Reign of Gunters,Jake
970,[288],Jake
971,[289],Jake
972,I Remember You,Jake
973,[290],Jake
974,The Lich,Jake
975,[291],Jake
976,Finn the Human,Jake
977,[57],Jake
978,Jake the Dog,Jake
979,[57],Jake
980,Five More Short Graybles,Jake
981,[292],Jake
982,Up a Tree,Jake
983,[293],Jake
984,All the Little People,Jake
985,[294],Jake
986,Jake the Dad,Jake
987,[61],Jake
988,[295],Jake
989,Davey,Jake
990,[61],Jake
991,[296],Jake
992,Mystery Dungeon,Jake
993,[61],Jake
994,[297],Jake
995,All Your Fault,Jake
996,[61],Jake
997,[298],Jake
998,Little Dude,Jake
999,[299],Jake
1000,[300],Jake
1001,Bad Little Boy,Jake
1002,[301],Jake
1003,Vault of Bones,Jake
1004,[302],Jake
1005,[303],Jake
1006,The Great Bird Man,Jake
1007,[304],Jake
1008,[305],Jake
1009,Simon & Marcy,Jake
1010,[306],Jake
1011,[307],Jake
1012,A Glitch is a Glitch,Jake
1013,[308],Jake
1014,[309],Jake
1015,Puhoy,Jake
1016,[310],Jake
1017,[311],Jake
1018,BMO Lost,Jake
1019,[312],Jake
1020,[313],Jake
1021,Princess Potluck,Jake
1022,[314],Jake
1023,[315],Jake
1024,[316],Jake
1025,James Baxter the Horse,Jake
1026,[317],Jake
1027,Shh!,Jake
1028,[318],Jake
1029,[319],Jake
1030,The Suitor,Jake
1031,[320],Jake
1032,[321],Jake
1033,"The Party's Over, Isla de Se単orita",Jake
1034,[322],Jake
1035,[323],Jake
1036,One Last Job,Jake
1037,[324],Jake
1038,Another Five More Short Graybles,Jake
1039,[92],Jake
1040,[325],Jake
1041,Candy Streets,Jake
1042,[92],Jake
1043,[326],Jake
1044,"Wizards Only, Fools",Jake
1045,[327],Jake
1046,[328],Jake
1047,Jake Suit,Jake
1048,[97],Jake
1049,[329],Jake
1050,Be More,Jake
1051,[92],Jake
1052,[330],Jake
1053,Sky Witch,Jake
1054,[92],Jake
1055,[331],Jake
1056,Frost & Fire,Jake
1057,[92],Jake
1058,[332],Jake
1059,Too Old,Jake
1060,[333],Jake
1061,[334],Jake
1062,Earth & Water,Jake
1063,[335],Jake
1064,[336],Jake
1065,Time Sandwich,Jake
1066,[337],Jake
1067,[338],Jake
1068,The Vault,Jake
1069,[339],Jake
1070,[340],Jake
1071,Love Games,Jake
1072,[341],Jake
1073,[342],Jake
1074,Dungeon Train,Jake
1075,[343],Jake
1076,[344],Jake
1077,Box Prince,Jake
1078,[345],Jake
1079,[346],Jake
1080,Red Starved,Jake
1081,[116],Jake
1082,[347],Jake
1083,We Fixed a Truck,Jake
1084,[116],Jake
1085,[348],Jake
1086,Play Date,Jake
1087,[349],Jake
1088,The Pit,Jake
1089,[350],Jake
1090,James,Jake
1091,[351],Jake
1092,Root Beer Guy,Jake
1093,[352],Jake
1094,Apple Wedding,Jake
1095,[353],Jake
1096,Blade of Grass,Jake
1097,[354],Jake
1098,Rattleballs,Jake
1099,[355],Jake
1100,The Red Throne,Jake
1101,[356],Jake
1102,Betty,Jake
1103,[357],Jake
1104,Bad Timing,Jake
1105,[358],Jake
1106,Lemonhope Part 1,Jake
1107,[359],Jake
1108,Lemonhope Part 2,Jake
1109,[360],Jake
1110,Billy's Bucket List,Jake
1111,[361],Jake
1112,[362],Jake
1113,Wake Up,Jake
1114,[133],Jake
1115,Escape from the Citadel,Jake
1116,[133],Jake
1117,James II,Jake
1118,[134],Jake
1119,The Tower,Jake
1120,[363],Jake
1121,Sad Face,Jake
1122,[364],Jake
1123,Breezy,Jake
1124,[365],Jake
1125,[366],Jake
1126,Food Chain,Jake
1127,[367],Jake
1128,[140],Jake
1129,Furniture & Meat,Jake
1130,[368],Jake
1131,[369],Jake
1132,The Prince Who Wanted Everything,Jake
1133,[370],Jake
1134,[371],Jake
1135,Something Big,Jake
1136,[372],Jake
1137,[373],Jake
1138,Little Brother,Jake
1139,[374],Jake
1140,[375],Jake
1141,Ocarina,Jake
1142,[376],Jake
1143,[377],Jake
1144,"Thanks for the Crabapples, Giuseppe",Jake
1145,[378],Jake
1146,[379],Jake
1147,Princess Day,Jake
1148,[380],Jake
1149,[140],Jake
1150,Nemesis,Jake
1151,[381],Jake
1152,[382],Jake
1153,Joshua and Margaret Investigations,Jake
1154,[383],Jake
1155,[384],Jake
1156,Ghost Fly,Jake
1157,[385],Jake
1158,[386],Jake
1159,Everything's Jake,Jake
1160,[160],Jake
1161,[161],Jake
1162,Is That You?,Jake
1163,[160],Jake
1164,[161],Jake
1165,Jake The Brick,Jake
1166,[160],Jake
1167,[387],Jake
1168,Dentist,Jake
1169,[388],Jake
1170,[389],Jake
1171,The Cooler,Jake
1172,[390],Jake
1173,The Pajama War,Jake
1174,[391],Jake
1175,Evergreen,Jake
1176,[392],Jake
1177,Astral Plane,Jake
1178,[393],Jake
1179,Gold Stars,Jake
1180,[394],Jake
1181,The Visitor,Jake
1182,[395],Jake
1183,The Mountain,Jake
1184,[396],Jake
1185,Dark Purple,Jake
1186,[397],Jake
1187,The Diary,Jake
1188,[398],Jake
1189,Walnuts & Rain,Jake
1190,[399],Jake
1191,Friends Forever,Jake
1192,[400],Jake
1193,Jermaine,Jake
1194,[401],Jake
1195,Chips and Ice Cream,Jake
1196,[402],Jake
1197,Graybles 1000+,Jake
1198,[403],Jake
1199,Hoots,Jake
1200,[404],Jake
1201,Water Park Prank,Jake
1202,[405],Jake
1203,You Forgot Your Floaties,Jake
1204,[406],Jake
1205,Be Sweet,Jake
1206,[407],Jake
1207,Orgalorg,Jake
1208,[408],Jake
1209,On the Lam,Jake
1210,[409],Jake
1211,Hot Diggity Doom,Jake
1212,[410],Jake
1213,The Comet,Jake
1214,[411],Jake
1215,Bonnie and Neddy,Jake
1216,Varmints,Jake
1217,Cherry Cream Soda,Jake
1218,Mama Said,Jake
1219,Football,Jake
1220,Marceline The Vampire Queen,Jake
1221,Everything Stays,Jake
1222,Vamps About,Jake
1223,The Empress Eyes,Jake
1224,May I Come In?,Jake
1225,Take Her Back,Jake
1226,Checkmate,Jake
1227,The Dark Cloud,Jake
1228,"The More You Moe, The Moe You Know (Part I)",Jake
1229,"The More You Moe, The Moe You Know (Part II)",Jake
1230,Summer Showers,Jake
1231,Angel Face,Jake
1232,President Porpoise is Missing!,Jake
1233,Blank-Eyed Girl,Jake
1234,Bad Jubies,Jake
1235,King's Ransom,Jake
1236,Scamps,Jake
1237,Crossover,Jake
1238,The Hall of Egress,Jake
1239,Flute Spell,Jake
1240,The Thin Yellow Line,Jake
1241,Broke His Crown,Jake
1242,Don't Look,Jake
1243,Beyond the Grotto,Jake
1244,Lady Rainicorn of the Crystal Dimension,Jake
1245,I Am a Sword,Jake
1246,Bun Bun,Jake
1247,Normal Man,Jake
1248,Elemental,Jake
1249,Five Short Tables,Jake
1250,The Music Hole,Jake
1251,[412],Jake
1252,Daddy-Daughter Card Wars,Jake
1253,[413],Jake
1254,Preboot,Jake
1255,[189],Jake
1256,[190],Jake
1257,Reboot,Jake
1258,[189],Jake
1259,[190],Jake
1260,Two Swords,Jake
1261,[191],Jake
1262,[192],Jake
1263,Do No Harm,Jake
1264,[191],Jake
1265,[192],Jake
1266,Wheels,Jake
1267,[191],Jake
1268,[414],Jake
1269,High Strangeness,Jake
1270,[191],Jake
1271,[415],Jake
1272,Horse and Ball,Jake
1273,[191],Jake
1274,[416],Jake
1275,Jelly Beans Have Power,Jake
1276,[191],Jake
1277,[417],Jake
1278,The Invitation,Jake
1279,[191],Jake
1280,[197],Jake
1281,Whipple the Happy Dragon,Jake
1282,[191],Jake
1283,[197],Jake
1284,Mysterious Island,Jake
1285,[191],Jake
1286,[198],Jake
1287,Imaginary Resources,Jake
1288,[191],Jake
1289,[198],Jake
1290,Hide and Seek,Jake
1291,[191],Jake
1292,[199],Jake
1293,Min and Marty,Jake
1294,[191],Jake
1295,[199],Jake
1296,Helpers,Jake
1297,[191],Jake
1298,[200],Jake
1299,The Light Cloud,Jake
1300,[191],Jake
1301,[200],Jake
1302,Orb,Jake
1303,[201],Jake
1304,[418],Jake
1305,Skyhooks,Jake
1306,[201],Jake
1307,[203],Jake
1308,Bespoken For,Jake
1309,[201],Jake
1310,[203],Jake
1311,Winter Light,Jake
1312,[201],Jake
1313,[204],Jake
1314,Cloudy,Jake
1315,[201],Jake
1316,[204],Jake
1317,Slime Central,Jake
1318,[201],Jake
1319,[205],Jake
1320,Happy Warrior,Jake
1321,[201],Jake
1322,[205],Jake
1323,Hero Heart,Jake
1324,[201],Jake
1325,[206],Jake
1326,Skyhooks II,Jake
1327,[201],Jake
1328,[206],Jake
1329,Abstract,Jake
1330,[419],Jake
1331,[420],Jake
1332,Ketchup,Jake
1333,[421],Jake
1334,[422],Jake
1335,Fionna and Cake and Fionna,Jake
1336,[423],Jake
1337,[424],Jake
1338,Whispers,Jake
1339,[425],Jake
1340,[426],Jake
1341,Three Buckets,Jake
1342,[427],Jake
1343,[428],Jake
1344,The Wild Hunt,Jake
1345,[217],Jake
1346,[218],Jake
1347,Always BMO Closing,Jake
1348,[217],Jake
1349,[218],Jake
1350,Son of Rap Bear,Jake
1351,[217],Jake
1352,[218],Jake
1353,Bonnibel Bubblegum,Jake
1354,[217],Jake
1355,[218],Jake
1356,Seventeen,Jake
1357,[429],Jake
1358,[430],Jake
1359,Ring of Fire,Jake
1360,[431],Jake
1361,[432],Jake
1362,Marcy & Hunson,Jake
1363,[433],Jake
1364,[434],Jake
1365,The First Investigation,Jake
1366,[435],Jake
1367,[436],Jake
1368,Blenanas,Jake
1369,[437],Jake
1370,[438],Jake
1371,Jake the Starchild,Jake
1372,[439],Jake
1373,[440],Jake
1374,Temple of Mars,Jake
1375,[441],Jake
1376,[442],Jake
1377,Gumbaldia,Jake
1378,[443],Jake
1379,[444],Jake
1380,Come Along With Me,Jake
1381,[445],Jake
1382,[446],Jake
1383,BMO,Jake
1384,Obsidian,Jake
1385,Wizard City,Jake
1386,Together Again,Jake
1387,Pilot,Lady Rainicorn
1388,Slumber Party Panic,Lady Rainicorn
1389,Trouble in Lumpy Space,Lady Rainicorn
1390,Prisoners of Love,Lady Rainicorn
1391,Tree Trunks,Lady Rainicorn
1392,The Enchiridion!,Lady Rainicorn
1393,The Jiggler,Lady Rainicorn
1394,Ricardio the Heart Guy,Lady Rainicorn
1395,Business Time,Lady Rainicorn
1396,My Two Favorite People,Lady Rainicorn
1397,Memories of Boom Boom Mountain,Lady Rainicorn
1398,Wizard,Lady Rainicorn
1399,[237],Lady Rainicorn
1400,Evicted!,Lady Rainicorn
1401,City of Thieves,Lady Rainicorn
1402,The Witch's Garden,Lady Rainicorn
1403,Ocean of Fear,Lady Rainicorn
1404,When Wedding Bells Thaw,Lady Rainicorn
1405,Dungeon,Lady Rainicorn
1406,The Duke,Lady Rainicorn
1407,Freak City,Lady Rainicorn
1408,Donny,Lady Rainicorn
1409,Henchman,Lady Rainicorn
1410,Rainy Day Daydream,Lady Rainicorn
1411,What Have You Done?,Lady Rainicorn
1412,Gut Grinder,Lady Rainicorn
1413,[238],Lady Rainicorn
1414,His Hero,Lady Rainicorn
1415,[239],Lady Rainicorn
1416,It Came from the Nightosphere,Lady Rainicorn
1417,[240],Lady Rainicorn
1418,The Eyes,Lady Rainicorn
1419,[241],Lady Rainicorn
1420,Loyalty to the King,Lady Rainicorn
1421,[242],Lady Rainicorn
1422,Blood Under the Skin,Lady Rainicorn
1423,[243],Lady Rainicorn
1424,Storytelling,Lady Rainicorn
1425,Slow Love,Lady Rainicorn
1426,[244],Lady Rainicorn
1427,Power Animal,Lady Rainicorn
1428,[245],Lady Rainicorn
1429,Crystals Have Power,Lady Rainicorn
1430,The Other Tarts,Lady Rainicorn
1431,[246],Lady Rainicorn
1432,To Cut a Woman's Hair,Lady Rainicorn
1433,[247],Lady Rainicorn
1434,The Chamber of Frozen Blades,Lady Rainicorn
1435,Her Parents,Lady Rainicorn
1436,[248],Lady Rainicorn
1437,The Pods,Lady Rainicorn
1438,[249],Lady Rainicorn
1439,The Silent King,Lady Rainicorn
1440,[250],Lady Rainicorn
1441,The Real You,Lady Rainicorn
1442,[251],Lady Rainicorn
1443,Guardians of Sunshine,Lady Rainicorn
1444,[252],Lady Rainicorn
1445,Death in Bloom,Lady Rainicorn
1446,[253],Lady Rainicorn
1447,Susan Strong,Lady Rainicorn
1448,[254],Lady Rainicorn
1449,Mystery Train,Lady Rainicorn
1450,[255],Lady Rainicorn
1451,Go With Me,Lady Rainicorn
1452,Belly of the Beast,Lady Rainicorn
1453,[256],Lady Rainicorn
1454,The Limit,Lady Rainicorn
1455,[257],Lady Rainicorn
1456,Video Makers,Lady Rainicorn
1457,[258],Lady Rainicorn
1458,Heat Signature,Lady Rainicorn
1459,[259],Lady Rainicorn
1460,Mortal Folly,Lady Rainicorn
1461,[260],Lady Rainicorn
1462,Mortal Recoil,Lady Rainicorn
1463,Conquest of Cuteness,Lady Rainicorn
1464,[261],Lady Rainicorn
1465,Morituri Te Salutamus,Lady Rainicorn
1466,[262],Lady Rainicorn
1467,Memory of a Memory,Lady Rainicorn
1468,[263],Lady Rainicorn
1469,Hitman,Lady Rainicorn
1470,[264],Lady Rainicorn
1471,Too Young,Lady Rainicorn
1472,[265],Lady Rainicorn
1473,The Monster,Lady Rainicorn
1474,[266],Lady Rainicorn
1475,Still,Lady Rainicorn
1476,[267],Lady Rainicorn
1477,Wizard Battle,Lady Rainicorn
1478,[268],Lady Rainicorn
1479,Fionna and Cake,Lady Rainicorn
1480,[269],Lady Rainicorn
1481,What Was Missing,Lady Rainicorn
1482,[270],Lady Rainicorn
1483,Apple Thief,Lady Rainicorn
1484,[271],Lady Rainicorn
1485,The Creeps,Lady Rainicorn
1486,[272],Lady Rainicorn
1487,From Bad to Worse,Lady Rainicorn
1488,[273],Lady Rainicorn
1489,Beautopia,Lady Rainicorn
1490,[274],Lady Rainicorn
1491,No One Can Hear You,Lady Rainicorn
1492,[275],Lady Rainicorn
1493,Jake vs. Me-Mow,Lady Rainicorn
1494,[276],Lady Rainicorn
1495,Thank You,Lady Rainicorn
1496,[277],Lady Rainicorn
1497,The New Frontier,Lady Rainicorn
1498,[278],Lady Rainicorn
1499,Holly Jolly Secrets Part I,Lady Rainicorn
1500,[43],Lady Rainicorn
1501,Holly Jolly Secrets Part II,Lady Rainicorn
1502,[43],Lady Rainicorn
1503,Marceline's Closet,Lady Rainicorn
1504,[279],Lady Rainicorn
1505,Paper Pete,Lady Rainicorn
1506,Another Way,Lady Rainicorn
1507,Ghost Princess,Lady Rainicorn
1508,Dad's Dungeon,Lady Rainicorn
1509,[280],Lady Rainicorn
1510,Incendium,Lady Rainicorn
1511,Hot to the Touch,Lady Rainicorn
1512,[281],Lady Rainicorn
1513,Five Short Graybles,Lady Rainicorn
1514,Web Weirdos,Lady Rainicorn
1515,Dream of Love,Lady Rainicorn
1516,Return to the Nightosphere,Lady Rainicorn
1517,Daddy's Little Monster,Lady Rainicorn
1518,In Your Footsteps,Lady Rainicorn
1519,Hug Wolf,Lady Rainicorn
1520,Princess Monster Wife,Lady Rainicorn
1521,Goliad,Lady Rainicorn
1522,Beyond this Earthly Realm,Lady Rainicorn
1523,Gotcha!,Lady Rainicorn
1524,[282],Lady Rainicorn
1525,Princess Cookie,Lady Rainicorn
1526,Card Wars,Lady Rainicorn
1527,Sons of Mars,Lady Rainicorn
1528,Burning Low,Lady Rainicorn
1529,[283],Lady Rainicorn
1530,BMO Noire,Lady Rainicorn
1531,King Worm,Lady Rainicorn
1532,Lady & Peebles,Lady Rainicorn
1533,[284],Lady Rainicorn
1534,You Made Me,Lady Rainicorn
1535,Who Would Win,Lady Rainicorn
1536,Ignition Point,Lady Rainicorn
1537,[285],Lady Rainicorn
1538,The Hard Easy,Lady Rainicorn
1539,[286],Lady Rainicorn
1540,[287],Lady Rainicorn
1541,Reign of Gunters,Lady Rainicorn
1542,[288],Lady Rainicorn
1543,[289],Lady Rainicorn
1544,I Remember You,Lady Rainicorn
1545,[290],Lady Rainicorn
1546,The Lich,Lady Rainicorn
1547,[291],Lady Rainicorn
1548,Finn the Human,Lady Rainicorn
1549,[57],Lady Rainicorn
1550,Jake the Dog,Lady Rainicorn
1551,[57],Lady Rainicorn
1552,Five More Short Graybles,Lady Rainicorn
1553,[292],Lady Rainicorn
1554,Up a Tree,Lady Rainicorn
1555,[293],Lady Rainicorn
1556,All the Little People,Lady Rainicorn
1557,[294],Lady Rainicorn
1558,Jake the Dad,Lady Rainicorn
1559,[61],Lady Rainicorn
1560,[295],Lady Rainicorn
1561,Davey,Lady Rainicorn
1562,[61],Lady Rainicorn
1563,[296],Lady Rainicorn
1564,Mystery Dungeon,Lady Rainicorn
1565,[61],Lady Rainicorn
1566,[297],Lady Rainicorn
1567,All Your Fault,Lady Rainicorn
1568,[61],Lady Rainicorn
1569,[298],Lady Rainicorn
1570,Little Dude,Lady Rainicorn
1571,[299],Lady Rainicorn
1572,[300],Lady Rainicorn
1573,Bad Little Boy,Lady Rainicorn
1574,[301],Lady Rainicorn
1575,Vault of Bones,Lady Rainicorn
1576,[302],Lady Rainicorn
1577,[303],Lady Rainicorn
1578,The Great Bird Man,Lady Rainicorn
1579,[304],Lady Rainicorn
1580,[305],Lady Rainicorn
1581,Simon & Marcy,Lady Rainicorn
1582,[306],Lady Rainicorn
1583,[307],Lady Rainicorn
1584,A Glitch is a Glitch,Lady Rainicorn
1585,[308],Lady Rainicorn
1586,[309],Lady Rainicorn
1587,Puhoy,Lady Rainicorn
1588,[310],Lady Rainicorn
1589,[311],Lady Rainicorn
1590,BMO Lost,Lady Rainicorn
1591,[312],Lady Rainicorn
1592,[313],Lady Rainicorn
1593,Princess Potluck,Lady Rainicorn
1594,[314],Lady Rainicorn
1595,[315],Lady Rainicorn
1596,[316],Lady Rainicorn
1597,James Baxter the Horse,Lady Rainicorn
1598,[317],Lady Rainicorn
1599,Shh!,Lady Rainicorn
1600,[318],Lady Rainicorn
1601,[319],Lady Rainicorn
1602,The Suitor,Lady Rainicorn
1603,[320],Lady Rainicorn
1604,[321],Lady Rainicorn
1605,"The Party's Over, Isla de Se単orita",Lady Rainicorn
1606,[322],Lady Rainicorn
1607,[323],Lady Rainicorn
1608,One Last Job,Lady Rainicorn
1609,[324],Lady Rainicorn
1610,Another Five More Short Graybles,Lady Rainicorn
1611,[92],Lady Rainicorn
1612,[325],Lady Rainicorn
1613,Candy Streets,Lady Rainicorn
1614,[92],Lady Rainicorn
1615,[326],Lady Rainicorn
1616,"Wizards Only, Fools",Lady Rainicorn
1617,[327],Lady Rainicorn
1618,[328],Lady Rainicorn
1619,Jake Suit,Lady Rainicorn
1620,[97],Lady Rainicorn
1621,[329],Lady Rainicorn
1622,Be More,Lady Rainicorn
1623,[92],Lady Rainicorn
1624,[330],Lady Rainicorn
1625,Sky Witch,Lady Rainicorn
1626,[92],Lady Rainicorn
1627,[331],Lady Rainicorn
1628,Frost & Fire,Lady Rainicorn
1629,[92],Lady Rainicorn
1630,[332],Lady Rainicorn
1631,Too Old,Lady Rainicorn
1632,[333],Lady Rainicorn
1633,[334],Lady Rainicorn
1634,Earth & Water,Lady Rainicorn
1635,[335],Lady Rainicorn
1636,[336],Lady Rainicorn
1637,Time Sandwich,Lady Rainicorn
1638,[337],Lady Rainicorn
1639,[338],Lady Rainicorn
1640,The Vault,Lady Rainicorn
1641,[339],Lady Rainicorn
1642,[340],Lady Rainicorn
1643,Love Games,Lady Rainicorn
1644,[341],Lady Rainicorn
1645,[342],Lady Rainicorn
1646,Dungeon Train,Lady Rainicorn
1647,[343],Lady Rainicorn
1648,[344],Lady Rainicorn
1649,Box Prince,Lady Rainicorn
1650,[345],Lady Rainicorn
1651,[346],Lady Rainicorn
1652,Red Starved,Lady Rainicorn
1653,[116],Lady Rainicorn
1654,[347],Lady Rainicorn
1655,We Fixed a Truck,Lady Rainicorn
1656,[116],Lady Rainicorn
1657,[348],Lady Rainicorn
1658,Play Date,Lady Rainicorn
1659,[349],Lady Rainicorn
1660,The Pit,Lady Rainicorn
1661,[350],Lady Rainicorn
1662,James,Lady Rainicorn
1663,[351],Lady Rainicorn
1664,Root Beer Guy,Lady Rainicorn
1665,[352],Lady Rainicorn
1666,Apple Wedding,Lady Rainicorn
1667,[353],Lady Rainicorn
1668,Blade of Grass,Lady Rainicorn
1669,[354],Lady Rainicorn
1670,Rattleballs,Lady Rainicorn
1671,[355],Lady Rainicorn
1672,The Red Throne,Lady Rainicorn
1673,[356],Lady Rainicorn
1674,Betty,Lady Rainicorn
1675,[357],Lady Rainicorn
1676,Bad Timing,Lady Rainicorn
1677,[358],Lady Rainicorn
1678,Lemonhope Part 1,Lady Rainicorn
1679,[359],Lady Rainicorn
1680,Lemonhope Part 2,Lady Rainicorn
1681,[360],Lady Rainicorn
1682,Billy's Bucket List,Lady Rainicorn
1683,[361],Lady Rainicorn
1684,[362],Lady Rainicorn
1685,Wake Up,Lady Rainicorn
1686,[133],Lady Rainicorn
1687,Escape from the Citadel,Lady Rainicorn
1688,[133],Lady Rainicorn
1689,James II,Lady Rainicorn
1690,[134],Lady Rainicorn
1691,The Tower,Lady Rainicorn
1692,[363],Lady Rainicorn
1693,Sad Face,Lady Rainicorn
1694,[364],Lady Rainicorn
1695,Breezy,Lady Rainicorn
1696,[365],Lady Rainicorn
1697,[366],Lady Rainicorn
1698,Food Chain,Lady Rainicorn
1699,[367],Lady Rainicorn
1700,[140],Lady Rainicorn
1701,Furniture & Meat,Lady Rainicorn
1702,[368],Lady Rainicorn
1703,[369],Lady Rainicorn
1704,The Prince Who Wanted Everything,Lady Rainicorn
1705,[370],Lady Rainicorn
1706,[371],Lady Rainicorn
1707,Something Big,Lady Rainicorn
1708,[372],Lady Rainicorn
1709,[373],Lady Rainicorn
1710,Little Brother,Lady Rainicorn
1711,[374],Lady Rainicorn
1712,[375],Lady Rainicorn
1713,Ocarina,Lady Rainicorn
1714,[376],Lady Rainicorn
1715,[377],Lady Rainicorn
1716,"Thanks for the Crabapples, Giuseppe",Lady Rainicorn
1717,[378],Lady Rainicorn
1718,[379],Lady Rainicorn
1719,Princess Day,Lady Rainicorn
1720,[380],Lady Rainicorn
1721,[140],Lady Rainicorn
1722,Nemesis,Lady Rainicorn
1723,[381],Lady Rainicorn
1724,[382],Lady Rainicorn
1725,Joshua and Margaret Investigations,Lady Rainicorn
1726,[383],Lady Rainicorn
1727,[384],Lady Rainicorn
1728,Ghost Fly,Lady Rainicorn
1729,[385],Lady Rainicorn
1730,[386],Lady Rainicorn
1731,Everything's Jake,Lady Rainicorn
1732,[160],Lady Rainicorn
1733,[161],Lady Rainicorn
1734,Is That You?,Lady Rainicorn
1735,[160],Lady Rainicorn
1736,[161],Lady Rainicorn
1737,Jake The Brick,Lady Rainicorn
1738,[160],Lady Rainicorn
1739,[387],Lady Rainicorn
1740,Dentist,Lady Rainicorn
1741,[388],Lady Rainicorn
1742,[389],Lady Rainicorn
1743,The Cooler,Lady Rainicorn
1744,[390],Lady Rainicorn
1745,The Pajama War,Lady Rainicorn
1746,[391],Lady Rainicorn
1747,Evergreen,Lady Rainicorn
1748,[392],Lady Rainicorn
1749,Astral Plane,Lady Rainicorn
1750,[393],Lady Rainicorn
1751,Gold Stars,Lady Rainicorn
1752,[394],Lady Rainicorn
1753,The Visitor,Lady Rainicorn
1754,[395],Lady Rainicorn
1755,The Mountain,Lady Rainicorn
1756,[396],Lady Rainicorn
1757,Dark Purple,Lady Rainicorn
1758,[397],Lady Rainicorn
1759,The Diary,Lady Rainicorn
1760,[398],Lady Rainicorn
1761,Walnuts & Rain,Lady Rainicorn
1762,[399],Lady Rainicorn
1763,Friends Forever,Lady Rainicorn
1764,[400],Lady Rainicorn
1765,Jermaine,Lady Rainicorn
1766,[401],Lady Rainicorn
1767,Chips and Ice Cream,Lady Rainicorn
1768,[402],Lady Rainicorn
1769,Graybles 1000+,Lady Rainicorn
1770,[403],Lady Rainicorn
1771,Hoots,Lady Rainicorn
1772,[404],Lady Rainicorn
1773,Water Park Prank,Lady Rainicorn
1774,[405],Lady Rainicorn
1775,You Forgot Your Floaties,Lady Rainicorn
1776,[406],Lady Rainicorn
1777,Be Sweet,Lady Rainicorn
1778,[407],Lady Rainicorn
1779,Orgalorg,Lady Rainicorn
1780,[408],Lady Rainicorn
1781,On the Lam,Lady Rainicorn
1782,[409],Lady Rainicorn
1783,Hot Diggity Doom,Lady Rainicorn
1784,[410],Lady Rainicorn
1785,The Comet,Lady Rainicorn
1786,[411],Lady Rainicorn
1787,Bonnie and Neddy,Lady Rainicorn
1788,Varmints,Lady Rainicorn
1789,Cherry Cream Soda,Lady Rainicorn
1790,Mama Said,Lady Rainicorn
1791,Football,Lady Rainicorn
1792,Marceline The Vampire Queen,Lady Rainicorn
1793,Everything Stays,Lady Rainicorn
1794,Vamps About,Lady Rainicorn
1795,The Empress Eyes,Lady Rainicorn
1796,May I Come In?,Lady Rainicorn
1797,Take Her Back,Lady Rainicorn
1798,Checkmate,Lady Rainicorn
1799,The Dark Cloud,Lady Rainicorn
1800,"The More You Moe, The Moe You Know (Part I)",Lady Rainicorn
1801,"The More You Moe, The Moe You Know (Part II)",Lady Rainicorn
1802,Summer Showers,Lady Rainicorn
1803,Angel Face,Lady Rainicorn
1804,President Porpoise is Missing!,Lady Rainicorn
1805,Blank-Eyed Girl,Lady Rainicorn
1806,Bad Jubies,Lady Rainicorn
1807,King's Ransom,Lady Rainicorn
1808,Scamps,Lady Rainicorn
1809,Crossover,Lady Rainicorn
1810,The Hall of Egress,Lady Rainicorn
1811,Flute Spell,Lady Rainicorn
1812,The Thin Yellow Line,Lady Rainicorn
1813,Broke His Crown,Lady Rainicorn
1814,Don't Look,Lady Rainicorn
1815,Beyond the Grotto,Lady Rainicorn
1816,Lady Rainicorn of the Crystal Dimension,Lady Rainicorn
1817,I Am a Sword,Lady Rainicorn
1818,Bun Bun,Lady Rainicorn
1819,Normal Man,Lady Rainicorn
1820,Elemental,Lady Rainicorn
1821,Five Short Tables,Lady Rainicorn
1822,The Music Hole,Lady Rainicorn
1823,[412],Lady Rainicorn
1824,Daddy-Daughter Card Wars,Lady Rainicorn
1825,[413],Lady Rainicorn
1826,Preboot,Lady Rainicorn
1827,[189],Lady Rainicorn
1828,[190],Lady Rainicorn
1829,Reboot,Lady Rainicorn
1830,[189],Lady Rainicorn
1831,[190],Lady Rainicorn
1832,Two Swords,Lady Rainicorn
1833,[191],Lady Rainicorn
1834,[192],Lady Rainicorn
1835,Do No Harm,Lady Rainicorn
1836,[191],Lady Rainicorn
1837,[192],Lady Rainicorn
1838,Wheels,Lady Rainicorn
1839,[191],Lady Rainicorn
1840,[414],Lady Rainicorn
1841,High Strangeness,Lady Rainicorn
1842,[191],Lady Rainicorn
1843,[415],Lady Rainicorn
1844,Horse and Ball,Lady Rainicorn
1845,[191],Lady Rainicorn
1846,[416],Lady Rainicorn
1847,Jelly Beans Have Power,Lady Rainicorn
1848,[191],Lady Rainicorn
1849,[417],Lady Rainicorn
1850,The Invitation,Lady Rainicorn
1851,[191],Lady Rainicorn
1852,[197],Lady Rainicorn
1853,Whipple the Happy Dragon,Lady Rainicorn
1854,[191],Lady Rainicorn
1855,[197],Lady Rainicorn
1856,Mysterious Island,Lady Rainicorn
1857,[191],Lady Rainicorn
1858,[198],Lady Rainicorn
1859,Imaginary Resources,Lady Rainicorn
1860,[191],Lady Rainicorn
1861,[198],Lady Rainicorn
1862,Hide and Seek,Lady Rainicorn
1863,[191],Lady Rainicorn
1864,[199],Lady Rainicorn
1865,Min and Marty,Lady Rainicorn
1866,[191],Lady Rainicorn
1867,[199],Lady Rainicorn
1868,Helpers,Lady Rainicorn
1869,[191],Lady Rainicorn
1870,[200],Lady Rainicorn
1871,The Light Cloud,Lady Rainicorn
1872,[191],Lady Rainicorn
1873,[200],Lady Rainicorn
1874,Orb,Lady Rainicorn
1875,[201],Lady Rainicorn
1876,[418],Lady Rainicorn
1877,Skyhooks,Lady Rainicorn
1878,[201],Lady Rainicorn
1879,[203],Lady Rainicorn
1880,Bespoken For,Lady Rainicorn
1881,[201],Lady Rainicorn
1882,[203],Lady Rainicorn
1883,Winter Light,Lady Rainicorn
1884,[201],Lady Rainicorn
1885,[204],Lady Rainicorn
1886,Cloudy,Lady Rainicorn
1887,[201],Lady Rainicorn
1888,[204],Lady Rainicorn
1889,Slime Central,Lady Rainicorn
1890,[201],Lady Rainicorn
1891,[205],Lady Rainicorn
1892,Happy Warrior,Lady Rainicorn
1893,[201],Lady Rainicorn
1894,[205],Lady Rainicorn
1895,Hero Heart,Lady Rainicorn
1896,[201],Lady Rainicorn
1897,[206],Lady Rainicorn
1898,Skyhooks II,Lady Rainicorn
1899,[201],Lady Rainicorn
1900,[206],Lady Rainicorn
1901,Abstract,Lady Rainicorn
1902,[419],Lady Rainicorn
1903,[420],Lady Rainicorn
1904,Ketchup,Lady Rainicorn
1905,[421],Lady Rainicorn
1906,[422],Lady Rainicorn
1907,Fionna and Cake and Fionna,Lady Rainicorn
1908,[423],Lady Rainicorn
1909,[424],Lady Rainicorn
1910,Whispers,Lady Rainicorn
1911,[425],Lady Rainicorn
1912,[426],Lady Rainicorn
1913,Three Buckets,Lady Rainicorn
1914,[427],Lady Rainicorn
1915,[428],Lady Rainicorn
1916,The Wild Hunt,Lady Rainicorn
1917,[217],Lady Rainicorn
1918,[218],Lady Rainicorn
1919,Always BMO Closing,Lady Rainicorn
1920,[217],Lady Rainicorn
1921,[218],Lady Rainicorn
1922,Son of Rap Bear,Lady Rainicorn
1923,[217],Lady Rainicorn
1924,[218],Lady Rainicorn
1925,Bonnibel Bubblegum,Lady Rainicorn
1926,[217],Lady Rainicorn
1927,[218],Lady Rainicorn
1928,Seventeen,Lady Rainicorn
1929,[429],Lady Rainicorn
1930,[430],Lady Rainicorn
1931,Ring of Fire,Lady Rainicorn
1932,[431],Lady Rainicorn
1933,[432],Lady Rainicorn
1934,Marcy & Hunson,Lady Rainicorn
1935,[433],Lady Rainicorn
1936,[434],Lady Rainicorn
1937,The First Investigation,Lady Rainicorn
1938,[435],Lady Rainicorn
1939,[436],Lady Rainicorn
1940,Blenanas,Lady Rainicorn
1941,[437],Lady Rainicorn
1942,[438],Lady Rainicorn
1943,Jake the Starchild,Lady Rainicorn
1944,[439],Lady Rainicorn
1945,[440],Lady Rainicorn
1946,Temple of Mars,Lady Rainicorn
1947,[441],Lady Rainicorn
1948,[442],Lady Rainicorn
1949,Gumbaldia,Lady Rainicorn
1950,[443],Lady Rainicorn
1951,[444],Lady Rainicorn
1952,Come Along With Me,Lady Rainicorn
1953,[445],Lady Rainicorn
1954,[446],Lady Rainicorn
1955,BMO,Lady Rainicorn
1956,Obsidian,Lady Rainicorn
1957,Wizard City,Lady Rainicorn
1958,Together Again,Lady Rainicorn
1959,Pilot,Lumpy Space Princess
1960,Slumber Party Panic,Lumpy Space Princess
1961,Trouble in Lumpy Space,Lumpy Space Princess
1962,Prisoners of Love,Lumpy Space Princess
1963,Tree Trunks,Lumpy Space Princess
1964,The Enchiridion!,Lumpy Space Princess
1965,The Jiggler,Lumpy Space Princess
1966,Ricardio the Heart Guy,Lumpy Space Princess
1967,Business Time,Lumpy Space Princess
1968,My Two Favorite People,Lumpy Space Princess
1969,Memories of Boom Boom Mountain,Lumpy Space Princess
1970,Wizard,Lumpy Space Princess
1971,[237],Lumpy Space Princess
1972,Evicted!,Lumpy Space Princess
1973,City of Thieves,Lumpy Space Princess
1974,The Witch's Garden,Lumpy Space Princess
1975,Ocean of Fear,Lumpy Space Princess
1976,When Wedding Bells Thaw,Lumpy Space Princess
1977,Dungeon,Lumpy Space Princess
1978,The Duke,Lumpy Space Princess
1979,Freak City,Lumpy Space Princess
1980,Donny,Lumpy Space Princess
1981,Henchman,Lumpy Space Princess
1982,Rainy Day Daydream,Lumpy Space Princess
1983,What Have You Done?,Lumpy Space Princess
1984,Gut Grinder,Lumpy Space Princess
1985,[238],Lumpy Space Princess
1986,His Hero,Lumpy Space Princess
1987,[239],Lumpy Space Princess
1988,It Came from the Nightosphere,Lumpy Space Princess
1989,[240],Lumpy Space Princess
1990,The Eyes,Lumpy Space Princess
1991,[241],Lumpy Space Princess
1992,Loyalty to the King,Lumpy Space Princess
1993,[242],Lumpy Space Princess
1994,Blood Under the Skin,Lumpy Space Princess
1995,[243],Lumpy Space Princess
1996,Storytelling,Lumpy Space Princess
1997,Slow Love,Lumpy Space Princess
1998,[244],Lumpy Space Princess
1999,Power Animal,Lumpy Space Princess
2000,[245],Lumpy Space Princess
2001,Crystals Have Power,Lumpy Space Princess
2002,The Other Tarts,Lumpy Space Princess
2003,[246],Lumpy Space Princess
2004,To Cut a Woman's Hair,Lumpy Space Princess
2005,[247],Lumpy Space Princess
2006,The Chamber of Frozen Blades,Lumpy Space Princess
2007,Her Parents,Lumpy Space Princess
2008,[248],Lumpy Space Princess
2009,The Pods,Lumpy Space Princess
2010,[249],Lumpy Space Princess
2011,The Silent King,Lumpy Space Princess
2012,[250],Lumpy Space Princess
2013,The Real You,Lumpy Space Princess
2014,[251],Lumpy Space Princess
2015,Guardians of Sunshine,Lumpy Space Princess
2016,[252],Lumpy Space Princess
2017,Death in Bloom,Lumpy Space Princess
2018,[253],Lumpy Space Princess
2019,Susan Strong,Lumpy Space Princess
2020,[254],Lumpy Space Princess
2021,Mystery Train,Lumpy Space Princess
2022,[255],Lumpy Space Princess
2023,Go With Me,Lumpy Space Princess
2024,Belly of the Beast,Lumpy Space Princess
2025,[256],Lumpy Space Princess
2026,The Limit,Lumpy Space Princess
2027,[257],Lumpy Space Princess
2028,Video Makers,Lumpy Space Princess
2029,[258],Lumpy Space Princess
2030,Heat Signature,Lumpy Space Princess
2031,[259],Lumpy Space Princess
2032,Mortal Folly,Lumpy Space Princess
2033,[260],Lumpy Space Princess
2034,Mortal Recoil,Lumpy Space Princess
2035,Conquest of Cuteness,Lumpy Space Princess
2036,[261],Lumpy Space Princess
2037,Morituri Te Salutamus,Lumpy Space Princess
2038,[262],Lumpy Space Princess
2039,Memory of a Memory,Lumpy Space Princess
2040,[263],Lumpy Space Princess
2041,Hitman,Lumpy Space Princess
2042,[264],Lumpy Space Princess
2043,Too Young,Lumpy Space Princess
2044,[265],Lumpy Space Princess
2045,The Monster,Lumpy Space Princess
2046,[266],Lumpy Space Princess
2047,Still,Lumpy Space Princess
2048,[267],Lumpy Space Princess
2049,Wizard Battle,Lumpy Space Princess
2050,[268],Lumpy Space Princess
2051,Fionna and Cake,Lumpy Space Princess
2052,[269],Lumpy Space Princess
2053,What Was Missing,Lumpy Space Princess
2054,[270],Lumpy Space Princess
2055,Apple Thief,Lumpy Space Princess
2056,[271],Lumpy Space Princess
2057,The Creeps,Lumpy Space Princess
2058,[272],Lumpy Space Princess
2059,From Bad to Worse,Lumpy Space Princess
2060,[273],Lumpy Space Princess
2061,Beautopia,Lumpy Space Princess
2062,[274],Lumpy Space Princess
2063,No One Can Hear You,Lumpy Space Princess
2064,[275],Lumpy Space Princess
2065,Jake vs. Me-Mow,Lumpy Space Princess
2066,[276],Lumpy Space Princess
2067,Thank You,Lumpy Space Princess
2068,[277],Lumpy Space Princess
2069,The New Frontier,Lumpy Space Princess
2070,[278],Lumpy Space Princess
2071,Holly Jolly Secrets Part I,Lumpy Space Princess
2072,[43],Lumpy Space Princess
2073,Holly Jolly Secrets Part II,Lumpy Space Princess
2074,[43],Lumpy Space Princess
2075,Marceline's Closet,Lumpy Space Princess
2076,[279],Lumpy Space Princess
2077,Paper Pete,Lumpy Space Princess
2078,Another Way,Lumpy Space Princess
2079,Ghost Princess,Lumpy Space Princess
2080,Dad's Dungeon,Lumpy Space Princess
2081,[280],Lumpy Space Princess
2082,Incendium,Lumpy Space Princess
2083,Hot to the Touch,Lumpy Space Princess
2084,[281],Lumpy Space Princess
2085,Five Short Graybles,Lumpy Space Princess
2086,Web Weirdos,Lumpy Space Princess
2087,Dream of Love,Lumpy Space Princess
2088,Return to the Nightosphere,Lumpy Space Princess
2089,Daddy's Little Monster,Lumpy Space Princess
2090,In Your Footsteps,Lumpy Space Princess
2091,Hug Wolf,Lumpy Space Princess
2092,Princess Monster Wife,Lumpy Space Princess
2093,Goliad,Lumpy Space Princess
2094,Beyond this Earthly Realm,Lumpy Space Princess
2095,Gotcha!,Lumpy Space Princess
2096,[282],Lumpy Space Princess
2097,Princess Cookie,Lumpy Space Princess
2098,Card Wars,Lumpy Space Princess
2099,Sons of Mars,Lumpy Space Princess
2100,Burning Low,Lumpy Space Princess
2101,[283],Lumpy Space Princess
2102,BMO Noire,Lumpy Space Princess
2103,King Worm,Lumpy Space Princess
2104,Lady & Peebles,Lumpy Space Princess
2105,[284],Lumpy Space Princess
2106,You Made Me,Lumpy Space Princess
2107,Who Would Win,Lumpy Space Princess
2108,Ignition Point,Lumpy Space Princess
2109,[285],Lumpy Space Princess
2110,The Hard Easy,Lumpy Space Princess
2111,[286],Lumpy Space Princess
2112,[287],Lumpy Space Princess
2113,Reign of Gunters,Lumpy Space Princess
2114,[288],Lumpy Space Princess
2115,[289],Lumpy Space Princess
2116,I Remember You,Lumpy Space Princess
2117,[290],Lumpy Space Princess
2118,The Lich,Lumpy Space Princess
2119,[291],Lumpy Space Princess
2120,Finn the Human,Lumpy Space Princess
2121,[57],Lumpy Space Princess
2122,Jake the Dog,Lumpy Space Princess
2123,[57],Lumpy Space Princess
2124,Five More Short Graybles,Lumpy Space Princess
2125,[292],Lumpy Space Princess
2126,Up a Tree,Lumpy Space Princess
2127,[293],Lumpy Space Princess
2128,All the Little People,Lumpy Space Princess
2129,[294],Lumpy Space Princess
2130,Jake the Dad,Lumpy Space Princess
2131,[61],Lumpy Space Princess
2132,[295],Lumpy Space Princess
2133,Davey,Lumpy Space Princess
2134,[61],Lumpy Space Princess
2135,[296],Lumpy Space Princess
2136,Mystery Dungeon,Lumpy Space Princess
2137,[61],Lumpy Space Princess
2138,[297],Lumpy Space Princess
2139,All Your Fault,Lumpy Space Princess
2140,[61],Lumpy Space Princess
2141,[298],Lumpy Space Princess
2142,Little Dude,Lumpy Space Princess
2143,[299],Lumpy Space Princess
2144,[300],Lumpy Space Princess
2145,Bad Little Boy,Lumpy Space Princess
2146,[301],Lumpy Space Princess
2147,Vault of Bones,Lumpy Space Princess
2148,[302],Lumpy Space Princess
2149,[303],Lumpy Space Princess
2150,The Great Bird Man,Lumpy Space Princess
2151,[304],Lumpy Space Princess
2152,[305],Lumpy Space Princess
2153,Simon & Marcy,Lumpy Space Princess
2154,[306],Lumpy Space Princess
2155,[307],Lumpy Space Princess
2156,A Glitch is a Glitch,Lumpy Space Princess
2157,[308],Lumpy Space Princess
2158,[309],Lumpy Space Princess
2159,Puhoy,Lumpy Space Princess
2160,[310],Lumpy Space Princess
2161,[311],Lumpy Space Princess
2162,BMO Lost,Lumpy Space Princess
2163,[312],Lumpy Space Princess
2164,[313],Lumpy Space Princess
2165,Princess Potluck,Lumpy Space Princess
2166,[314],Lumpy Space Princess
2167,[315],Lumpy Space Princess
2168,[316],Lumpy Space Princess
2169,James Baxter the Horse,Lumpy Space Princess
2170,[317],Lumpy Space Princess
2171,Shh!,Lumpy Space Princess
2172,[318],Lumpy Space Princess
2173,[319],Lumpy Space Princess
2174,The Suitor,Lumpy Space Princess
2175,[320],Lumpy Space Princess
2176,[321],Lumpy Space Princess
2177,"The Party's Over, Isla de Se単orita",Lumpy Space Princess
2178,[322],Lumpy Space Princess
2179,[323],Lumpy Space Princess
2180,One Last Job,Lumpy Space Princess
2181,[324],Lumpy Space Princess
2182,Another Five More Short Graybles,Lumpy Space Princess
2183,[92],Lumpy Space Princess
2184,[325],Lumpy Space Princess
2185,Candy Streets,Lumpy Space Princess
2186,[92],Lumpy Space Princess
2187,[326],Lumpy Space Princess
2188,"Wizards Only, Fools",Lumpy Space Princess
2189,[327],Lumpy Space Princess
2190,[328],Lumpy Space Princess
2191,Jake Suit,Lumpy Space Princess
2192,[97],Lumpy Space Princess
2193,[329],Lumpy Space Princess
2194,Be More,Lumpy Space Princess
2195,[92],Lumpy Space Princess
2196,[330],Lumpy Space Princess
2197,Sky Witch,Lumpy Space Princess
2198,[92],Lumpy Space Princess
2199,[331],Lumpy Space Princess
2200,Frost & Fire,Lumpy Space Princess
2201,[92],Lumpy Space Princess
2202,[332],Lumpy Space Princess
2203,Too Old,Lumpy Space Princess
2204,[333],Lumpy Space Princess
2205,[334],Lumpy Space Princess
2206,Earth & Water,Lumpy Space Princess
2207,[335],Lumpy Space Princess
2208,[336],Lumpy Space Princess
2209,Time Sandwich,Lumpy Space Princess
2210,[337],Lumpy Space Princess
2211,[338],Lumpy Space Princess
2212,The Vault,Lumpy Space Princess
2213,[339],Lumpy Space Princess
2214,[340],Lumpy Space Princess
2215,Love Games,Lumpy Space Princess
2216,[341],Lumpy Space Princess
2217,[342],Lumpy Space Princess
2218,Dungeon Train,Lumpy Space Princess
2219,[343],Lumpy Space Princess
2220,[344],Lumpy Space Princess
2221,Box Prince,Lumpy Space Princess
2222,[345],Lumpy Space Princess
2223,[346],Lumpy Space Princess
2224,Red Starved,Lumpy Space Princess
2225,[116],Lumpy Space Princess
2226,[347],Lumpy Space Princess
2227,We Fixed a Truck,Lumpy Space Princess
2228,[116],Lumpy Space Princess
2229,[348],Lumpy Space Princess
2230,Play Date,Lumpy Space Princess
2231,[349],Lumpy Space Princess
2232,The Pit,Lumpy Space Princess
2233,[350],Lumpy Space Princess
2234,James,Lumpy Space Princess
2235,[351],Lumpy Space Princess
2236,Root Beer Guy,Lumpy Space Princess
2237,[352],Lumpy Space Princess
2238,Apple Wedding,Lumpy Space Princess
2239,[353],Lumpy Space Princess
2240,Blade of Grass,Lumpy Space Princess
2241,[354],Lumpy Space Princess
2242,Rattleballs,Lumpy Space Princess
2243,[355],Lumpy Space Princess
2244,The Red Throne,Lumpy Space Princess
2245,[356],Lumpy Space Princess
2246,Betty,Lumpy Space Princess
2247,[357],Lumpy Space Princess
2248,Bad Timing,Lumpy Space Princess
2249,[358],Lumpy Space Princess
2250,Lemonhope Part 1,Lumpy Space Princess
2251,[359],Lumpy Space Princess
2252,Lemonhope Part 2,Lumpy Space Princess
2253,[360],Lumpy Space Princess
2254,Billy's Bucket List,Lumpy Space Princess
2255,[361],Lumpy Space Princess
2256,[362],Lumpy Space Princess
2257,Wake Up,Lumpy Space Princess
2258,[133],Lumpy Space Princess
2259,Escape from the Citadel,Lumpy Space Princess
2260,[133],Lumpy Space Princess
2261,James II,Lumpy Space Princess
2262,[134],Lumpy Space Princess
2263,The Tower,Lumpy Space Princess
2264,[363],Lumpy Space Princess
2265,Sad Face,Lumpy Space Princess
2266,[364],Lumpy Space Princess
2267,Breezy,Lumpy Space Princess
2268,[365],Lumpy Space Princess
2269,[366],Lumpy Space Princess
2270,Food Chain,Lumpy Space Princess
2271,[367],Lumpy Space Princess
2272,[140],Lumpy Space Princess
2273,Furniture & Meat,Lumpy Space Princess
2274,[368],Lumpy Space Princess
2275,[369],Lumpy Space Princess
2276,The Prince Who Wanted Everything,Lumpy Space Princess
2277,[370],Lumpy Space Princess
2278,[371],Lumpy Space Princess
2279,Something Big,Lumpy Space Princess
2280,[372],Lumpy Space Princess
2281,[373],Lumpy Space Princess
2282,Little Brother,Lumpy Space Princess
2283,[374],Lumpy Space Princess
2284,[375],Lumpy Space Princess
2285,Ocarina,Lumpy Space Princess
2286,[376],Lumpy Space Princess
2287,[377],Lumpy Space Princess
2288,"Thanks for the Crabapples, Giuseppe",Lumpy Space Princess
2289,[378],Lumpy Space Princess
2290,[379],Lumpy Space Princess
2291,Princess Day,Lumpy Space Princess
2292,[380],Lumpy Space Princess
2293,[140],Lumpy Space Princess
2294,Nemesis,Lumpy Space Princess
2295,[381],Lumpy Space Princess
2296,[382],Lumpy Space Princess
2297,Joshua and Margaret Investigations,Lumpy Space Princess
2298,[383],Lumpy Space Princess
2299,[384],Lumpy Space Princess
2300,Ghost Fly,Lumpy Space Princess
2301,[385],Lumpy Space Princess
2302,[386],Lumpy Space Princess
2303,Everything's Jake,Lumpy Space Princess
2304,[160],Lumpy Space Princess
2305,[161],Lumpy Space Princess
2306,Is That You?,Lumpy Space Princess
2307,[160],Lumpy Space Princess
2308,[161],Lumpy Space Princess
2309,Jake The Brick,Lumpy Space Princess
2310,[160],Lumpy Space Princess
2311,[387],Lumpy Space Princess
2312,Dentist,Lumpy Space Princess
2313,[388],Lumpy Space Princess
2314,[389],Lumpy Space Princess
2315,The Cooler,Lumpy Space Princess
2316,[390],Lumpy Space Princess
2317,The Pajama War,Lumpy Space Princess
2318,[391],Lumpy Space Princess
2319,Evergreen,Lumpy Space Princess
2320,[392],Lumpy Space Princess
2321,Astral Plane,Lumpy Space Princess
2322,[393],Lumpy Space Princess
2323,Gold Stars,Lumpy Space Princess
2324,[394],Lumpy Space Princess
2325,The Visitor,Lumpy Space Princess
2326,[395],Lumpy Space Princess
2327,The Mountain,Lumpy Space Princess
2328,[396],Lumpy Space Princess
2329,Dark Purple,Lumpy Space Princess
2330,[397],Lumpy Space Princess
2331,The Diary,Lumpy Space Princess
2332,[398],Lumpy Space Princess
2333,Walnuts & Rain,Lumpy Space Princess
2334,[399],Lumpy Space Princess
2335,Friends Forever,Lumpy Space Princess
2336,[400],Lumpy Space Princess
2337,Jermaine,Lumpy Space Princess
2338,[401],Lumpy Space Princess
2339,Chips and Ice Cream,Lumpy Space Princess
2340,[402],Lumpy Space Princess
2341,Graybles 1000+,Lumpy Space Princess
2342,[403],Lumpy Space Princess
2343,Hoots,Lumpy Space Princess
2344,[404],Lumpy Space Princess
2345,Water Park Prank,Lumpy Space Princess
2346,[405],Lumpy Space Princess
2347,You Forgot Your Floaties,Lumpy Space Princess
2348,[406],Lumpy Space Princess
2349,Be Sweet,Lumpy Space Princess
2350,[407],Lumpy Space Princess
2351,Orgalorg,Lumpy Space Princess
2352,[408],Lumpy Space Princess
2353,On the Lam,Lumpy Space Princess
2354,[409],Lumpy Space Princess
2355,Hot Diggity Doom,Lumpy Space Princess
2356,[410],Lumpy Space Princess
2357,The Comet,Lumpy Space Princess
2358,[411],Lumpy Space Princess
2359,Bonnie and Neddy,Lumpy Space Princess
2360,Varmints,Lumpy Space Princess
2361,Cherry Cream Soda,Lumpy Space Princess
2362,Mama Said,Lumpy Space Princess
2363,Football,Lumpy Space Princess
2364,Marceline The Vampire Queen,Lumpy Space Princess
2365,Everything Stays,Lumpy Space Princess
2366,Vamps About,Lumpy Space Princess
2367,The Empress Eyes,Lumpy Space Princess
2368,May I Come In?,Lumpy Space Princess
2369,Take Her Back,Lumpy Space Princess
2370,Checkmate,Lumpy Space Princess
2371,The Dark Cloud,Lumpy Space Princess
2372,"The More You Moe, The Moe You Know (Part I)",Lumpy Space Princess
2373,"The More You Moe, The Moe You Know (Part II)",Lumpy Space Princess
2374,Summer Showers,Lumpy Space Princess
2375,Angel Face,Lumpy Space Princess
2376,President Porpoise is Missing!,Lumpy Space Princess
2377,Blank-Eyed Girl,Lumpy Space Princess
2378,Bad Jubies,Lumpy Space Princess
2379,King's Ransom,Lumpy Space Princess
2380,Scamps,Lumpy Space Princess
2381,Crossover,Lumpy Space Princess
2382,The Hall of Egress,Lumpy Space Princess
2383,Flute Spell,Lumpy Space Princess
2384,The Thin Yellow Line,Lumpy Space Princess
2385,Broke His Crown,Lumpy Space Princess
2386,Don't Look,Lumpy Space Princess
2387,Beyond the Grotto,Lumpy Space Princess
2388,Lady Rainicorn of the Crystal Dimension,Lumpy Space Princess
2389,I Am a Sword,Lumpy Space Princess
2390,Bun Bun,Lumpy Space Princess
2391,Normal Man,Lumpy Space Princess
2392,Elemental,Lumpy Space Princess
2393,Five Short Tables,Lumpy Space Princess
2394,The Music Hole,Lumpy Space Princess
2395,[412],Lumpy Space Princess
2396,Daddy-Daughter Card Wars,Lumpy Space Princess
2397,[413],Lumpy Space Princess
2398,Preboot,Lumpy Space Princess
2399,[189],Lumpy Space Princess
2400,[190],Lumpy Space Princess
2401,Reboot,Lumpy Space Princess
2402,[189],Lumpy Space Princess
2403,[190],Lumpy Space Princess
2404,Two Swords,Lumpy Space Princess
2405,[191],Lumpy Space Princess
2406,[192],Lumpy Space Princess
2407,Do No Harm,Lumpy Space Princess
2408,[191],Lumpy Space Princess
2409,[192],Lumpy Space Princess
2410,Wheels,Lumpy Space Princess
2411,[191],Lumpy Space Princess
2412,[414],Lumpy Space Princess
2413,High Strangeness,Lumpy Space Princess
2414,[191],Lumpy Space Princess
2415,[415],Lumpy Space Princess
2416,Horse and Ball,Lumpy Space Princess
2417,[191],Lumpy Space Princess
2418,[416],Lumpy Space Princess
2419,Jelly Beans Have Power,Lumpy Space Princess
2420,[191],Lumpy Space Princess
2421,[417],Lumpy Space Princess
2422,The Invitation,Lumpy Space Princess
2423,[191],Lumpy Space Princess
2424,[197],Lumpy Space Princess
2425,Whipple the Happy Dragon,Lumpy Space Princess
2426,[191],Lumpy Space Princess
2427,[197],Lumpy Space Princess
2428,Mysterious Island,Lumpy Space Princess
2429,[191],Lumpy Space Princess
2430,[198],Lumpy Space Princess
2431,Imaginary Resources,Lumpy Space Princess
2432,[191],Lumpy Space Princess
2433,[198],Lumpy Space Princess
2434,Hide and Seek,Lumpy Space Princess
2435,[191],Lumpy Space Princess
2436,[199],Lumpy Space Princess
2437,Min and Marty,Lumpy Space Princess
2438,[191],Lumpy Space Princess
2439,[199],Lumpy Space Princess
2440,Helpers,Lumpy Space Princess
2441,[191],Lumpy Space Princess
2442,[200],Lumpy Space Princess
2443,The Light Cloud,Lumpy Space Princess
2444,[191],Lumpy Space Princess
2445,[200],Lumpy Space Princess
2446,Orb,Lumpy Space Princess
2447,[201],Lumpy Space Princess
2448,[418],Lumpy Space Princess
2449,Skyhooks,Lumpy Space Princess
2450,[201],Lumpy Space Princess
2451,[203],Lumpy Space Princess
2452,Bespoken For,Lumpy Space Princess
2453,[201],Lumpy Space Princess
2454,[203],Lumpy Space Princess
2455,Winter Light,Lumpy Space Princess
2456,[201],Lumpy Space Princess
2457,[204],Lumpy Space Princess
2458,Cloudy,Lumpy Space Princess
2459,[201],Lumpy Space Princess
2460,[204],Lumpy Space Princess
2461,Slime Central,Lumpy Space Princess
2462,[201],Lumpy Space Princess
2463,[205],Lumpy Space Princess
2464,Happy Warrior,Lumpy Space Princess
2465,[201],Lumpy Space Princess
2466,[205],Lumpy Space Princess
2467,Hero Heart,Lumpy Space Princess
2468,[201],Lumpy Space Princess
2469,[206],Lumpy Space Princess
2470,Skyhooks II,Lumpy Space Princess
2471,[201],Lumpy Space Princess
2472,[206],Lumpy Space Princess
2473,Abstract,Lumpy Space Princess
2474,[419],Lumpy Space Princess
2475,[420],Lumpy Space Princess
2476,Ketchup,Lumpy Space Princess
2477,[421],Lumpy Space Princess
2478,[422],Lumpy Space Princess
2479,Fionna and Cake and Fionna,Lumpy Space Princess
2480,[423],Lumpy Space Princess
2481,[424],Lumpy Space Princess
2482,Whispers,Lumpy Space Princess
2483,[425],Lumpy Space Princess
2484,[426],Lumpy Space Princess
2485,Three Buckets,Lumpy Space Princess
2486,[427],Lumpy Space Princess
2487,[428],Lumpy Space Princess
2488,The Wild Hunt,Lumpy Space Princess
2489,[217],Lumpy Space Princess
2490,[218],Lumpy Space Princess
2491,Always BMO Closing,Lumpy Space Princess
2492,[217],Lumpy Space Princess
2493,[218],Lumpy Space Princess
2494,Son of Rap Bear,Lumpy Space Princess
2495,[217],Lumpy Space Princess
2496,[218],Lumpy Space Princess
2497,Bonnibel Bubblegum,Lumpy Space Princess
2498,[217],Lumpy Space Princess
2499,[218],Lumpy Space Princess
2500,Seventeen,Lumpy Space Princess
2501,[429],Lumpy Space Princess
2502,[430],Lumpy Space Princess
2503,Ring of Fire,Lumpy Space Princess
2504,[431],Lumpy Space Princess
2505,[432],Lumpy Space Princess
2506,Marcy & Hunson,Lumpy Space Princess
2507,[433],Lumpy Space Princess
2508,[434],Lumpy Space Princess
2509,The First Investigation,Lumpy Space Princess
2510,[435],Lumpy Space Princess
2511,[436],Lumpy Space Princess
2512,Blenanas,Lumpy Space Princess
2513,[437],Lumpy Space Princess
2514,[438],Lumpy Space Princess
2515,Jake the Starchild,Lumpy Space Princess
2516,[439],Lumpy Space Princess
2517,[440],Lumpy Space Princess
2518,Temple of Mars,Lumpy Space Princess
2519,[441],Lumpy Space Princess
2520,[442],Lumpy Space Princess
2521,Gumbaldia,Lumpy Space Princess
2522,[443],Lumpy Space Princess
2523,[444],Lumpy Space Princess
2524,Come Along With Me,Lumpy Space Princess
2525,[445],Lumpy Space Princess
2526,[446],Lumpy Space Princess
2527,BMO,Lumpy Space Princess
2528,Obsidian,Lumpy Space Princess
2529,Wizard City,Lumpy Space Princess
2530,Together Again,Lumpy Space Princess
2531,Evicted!,Marceline
2532,Henchman,Marceline
2533,It Came from the Nightosphere,Marceline
2534,Go With Me,Marceline
2535,Heat Signature,Marceline
2536,Memory of a Memory,Marceline
2537,What Was Missing,Marceline
2538,Marceline's Closet,Marceline
2539,Return to the Nightosphere,Marceline
2540,Daddy's Little Monster,Marceline
2541,I Remember You,Marceline
2542,Finn the Human,Marceline
2543,Farmworld Marceline,Marceline
2544,Five More Short Graybles,Marceline
2545,Bad Little Boy,Marceline
2546,Simon & Marcy,Marceline
2547,Sky Witch,Marceline
2548,Red Starved,Marceline
2549,Betty,Marceline
2550,Princess Day,Marceline
2551,"Sow, Do You like Them Apples",Marceline
2552,Varmints,Marceline
2553,Marceline The Vampire Queen,Marceline
2554,Everything Stays,Marceline
2555,Vamps About,Marceline
2556,The Empress Eyes,Marceline
2557,May I Come In?,Marceline
2558,Take Her Back,Marceline
2559,Checkmate,Marceline
2560,The Dark Cloud,Marceline
2561,Broke His Crown,Marceline
2562,The Music Hole,Marceline
2563,Skyhooks,Marceline
2564,Hero Heart,Marceline
2565,Ketchup,Marceline
2566,Seventeen,Marceline
2567,Marcy & Hunson,Marceline
2568,Come Along With Me,Marceline
2569,Obsidian,Marceline
2570,The Duke,Marceline
2571,Power Animal,Marceline
2572,Video Makers,Marceline
2573,Holly Jolly Secrets Part II,Marceline
2574,Jake the Dog,Marceline
2575,Farmworld Marceline,Marceline
2576,All the Little People,Marceline
2577,Time Sandwich,Marceline
2578,Ocarina,Marceline
2579,Jake The Brick,Marceline
2580,Astral Plane,Marceline
2581,Dark Purple,Marceline
2582,Hoots,Marceline
2583,Be Sweet,Marceline
2584,The Comet,Marceline
2585,President Porpoise is Missing!,Marceline
2586,Crossover,Marceline
2587,Farmworld Marceline,Marceline
2588,Beyond the Grotto,Marceline
2589,Wheels,Marceline
2590,The Invitation,Marceline
2591,The Light Cloud,Marceline
2592,Bespoken For,Marceline
2593,Skyhooks II,Marceline
2594,Whispers,Marceline
2595,Son of Rap Bear,Marceline
2596,Bonnibel Bubblegum,Marceline
2597,Diamonds and Lemons,Marceline
2598,Slumber Party Panic,Princess Bubblegum
2599,Trouble in Lumpy Space,Princess Bubblegum
2600,Mallow Tea Ceremony,Princess Bubblegum
2601,The Duke,Princess Bubblegum
2602,What Have You Done?,Princess Bubblegum
2603,The Other Tarts,Princess Bubblegum
2604,The Real You,Princess Bubblegum
2605,Video Makers,Princess Bubblegum
2606,Hug Wolf,Princess Bubblegum
2607,Death in Bloom,Princess Bubblegum
2608,Susan Strong,Princess Bubblegum
2609,Go With Me,Princess Bubblegum
2610,Video Makers,Princess Bubblegum
2611,Lemonhope Part 1,Princess Bubblegum
2612,Elemental,Princess Bubblegum
2613,Mortal Folly,Princess Bubblegum
2614,Mortal Recoil,Princess Bubblegum
2615,Too Young,Princess Bubblegum
2616,Wizard Battle,Princess Bubblegum
2617,What Was Missing,Princess Bubblegum
2618,rock shirt from Marceline,Princess Bubblegum
2619,The Creeps,Princess Bubblegum
2620,Holly Jolly Secrets Part II,Princess Bubblegum
2621,Goliad,Princess Bubblegum
2622,Burning Low,Princess Bubblegum
2623,Lady & Peebles,Princess Bubblegum
2624,You Made Me,Princess Bubblegum
2625,Reign of Gunters,Princess Bubblegum
2626,All the Little People,Princess Bubblegum
2627,All Your Fault,Princess Bubblegum
2628,The Great Bird Man,Princess Bubblegum
2629,The Suitor,Princess Bubblegum
2630,Another Five More Short Graybles,Princess Bubblegum
2631,"Wizards Only, Fools",Princess Bubblegum
2632,Time Sandwich,Princess Bubblegum
2633,Sky Witch,Princess Bubblegum
2634,Too Old,Princess Bubblegum
2635,Earth & Water,Princess Bubblegum
2636,The Vault,Princess Bubblegum
2637,her amulet,Princess Bubblegum
2638,Red Starved,Princess Bubblegum
2639,holo-pendant,Princess Bubblegum
2640,We Fixed a Truck,Princess Bubblegum
2641,James,Princess Bubblegum
2642,Apple Wedding,Princess Bubblegum
2643,Rattleballs,Princess Bubblegum
2644,Breezy,Princess Bubblegum
2645,James II,Princess Bubblegum
2646,Something Big,Princess Bubblegum
2647,Princess Day,Princess Bubblegum
2648,Nemesis,Princess Bubblegum
2649,Jake the Brick,Princess Bubblegum
2650,The Pajama War,Princess Bubblegum
2651,Timmy,Princess Bubblegum
2652,Hot Diggity Doom,Princess Bubblegum
2653,Have You Seen the Muffin Mess,Princess Bubblegum
2654,Varmints,Princess Bubblegum
2655,Vamps About,Princess Bubblegum
2656,Scamps,Princess Bubblegum
2657,The Thin Yellow Line,Princess Bubblegum
2658,Banana Guards,Princess Bubblegum
2659,Broke His Crown,Princess Bubblegum
2660,Don't Look,Princess Bubblegum
2661,Bun Bun,Princess Bubblegum
2662,The Music Hole,Princess Bubblegum
2663,Wheels,Princess Bubblegum
2664,Princess Day,Princess Bubblegum
2665,High Strangeness,Princess Bubblegum
2666,Jelly Beans Have Power,Princess Bubblegum
2667,The Invitation,Princess Bubblegum
2668,Orb,Princess Bubblegum
2669,Elements,Princess Bubblegum
2670,Patience St. Pim,Princess Bubblegum
2671,Mother Gum,Princess Bubblegum
2672,Skyhooks II,Princess Bubblegum
2673,Animated short,Princess Bubblegum
2674,Slumber Party Panic,Princess Bubblegum
2675,The Enchiridion!,Princess Bubblegum
2676,Ricardio the Heart Guy,Princess Bubblegum
2677,The Duke,Princess Bubblegum
2678,What Have You Done?,Princess Bubblegum
2679,The Other Tarts,Princess Bubblegum
2680,The Real You,Princess Bubblegum
2681,Go With Me,Princess Bubblegum
2682,Mortal Folly,Princess Bubblegum
2683,Mortal Recoil,Princess Bubblegum
2684,Too Young,Princess Bubblegum
2685,Wizard Battle,Princess Bubblegum
2686,What Was Missing,Princess Bubblegum
2687,The Creeps,Princess Bubblegum
2688,From Bad to Worse,Princess Bubblegum
2689,Five Short Graybles,Princess Bubblegum
2690,Goliad,Princess Bubblegum
2691,Princess Cookie,Princess Bubblegum
2692,Burning Low,Princess Bubblegum
2693,Lady & Peebles,Princess Bubblegum
2694,You Made Me,Princess Bubblegum
2695,Reign of Gunters,Princess Bubblegum
2696,The Lich,Princess Bubblegum
2697,All Your Fault,Princess Bubblegum
2698,A Glitch is a Glitch,Princess Bubblegum
2699,Princess Potluck,Princess Bubblegum
2700,The Suitor,Princess Bubblegum
2701,"The Party's Over, Isla de Se単orita",Princess Bubblegum
2702,"Wizards Only, Fools",Princess Bubblegum
2703,Sky Witch,Princess Bubblegum
2704,Too Old,Princess Bubblegum
2705,Earth & Water,Princess Bubblegum
2706,The Vault,Princess Bubblegum
2707,James,Princess Bubblegum
2708,Root Beer Guy,Princess Bubblegum
2709,Apple Wedding,Princess Bubblegum
2710,Rattleballs,Princess Bubblegum
2711,Bad Timing,Princess Bubblegum
2712,Lemonhope Part 1,Princess Bubblegum
2713,Lemonhope Part 2,Princess Bubblegum
2714,James II,Princess Bubblegum
2715,The Tower,Princess Bubblegum
2716,Something Big,Princess Bubblegum
2717,Nemesis,Princess Bubblegum
2718,The Cooler,Princess Bubblegum
2719,The Pajama War,Princess Bubblegum
2720,Graybles 1000+,Princess Bubblegum
2721,Hot Diggity Doom,Princess Bubblegum
2722,Have You Seen the Muffin Mess,Princess Bubblegum
2723,Bonnie and Neddy,Princess Bubblegum
2724,Varmints,Princess Bubblegum
2725,Marceline The Vampire Queen,Princess Bubblegum
2726,Vamps About,Princess Bubblegum
2727,May I Come In?,Princess Bubblegum
2728,Take Her Back,Princess Bubblegum
2729,Checkmate,Princess Bubblegum
2730,The Dark Cloud,Princess Bubblegum
2731,The Thin Yellow Line,Princess Bubblegum
2732,Broke His Crown,Princess Bubblegum
2733,Elemental,Princess Bubblegum
2734,The Music Hole,Princess Bubblegum
2735,Reboot,Princess Bubblegum
2736,High Strangeness,Princess Bubblegum
2737,Jelly Beans Have Power,Princess Bubblegum
2738,The Invitation,Princess Bubblegum
2739,Skyhooks,Princess Bubblegum
2740,Hero Heart,Princess Bubblegum
2741,Bonnibel Bubblegum,Princess Bubblegum
2742,Seventeen,Princess Bubblegum
2743,Gumbaldia,Princess Bubblegum
2744,Come Along With Me,Princess Bubblegum
2745,Obsidian,Princess Bubblegum
2746,Trouble in Lumpy Space,Princess Bubblegum
2747,What is Life?,Princess Bubblegum
2748,Dungeon,Princess Bubblegum
2749,Power Animal,Princess Bubblegum
2750,To Cut a Woman's Hair,Princess Bubblegum
2751,Death in Bloom,Princess Bubblegum
2752,Susan Strong,Princess Bubblegum
2753,Video Makers,Princess Bubblegum
2754,No One Can Hear You,Princess Bubblegum
2755,Holly Jolly Secrets Part I,Princess Bubblegum
2756,Holly Jolly Secrets Part II,Princess Bubblegum
2757,Incendium,Princess Bubblegum
2758,Dream of Love,Princess Bubblegum
2759,In Your Footsteps,Princess Bubblegum
2760,Hug Wolf,Princess Bubblegum
2761,Princess Monster Wife,Princess Bubblegum
2762,King Worm,Princess Bubblegum
2763,Jake The Dog,Princess Bubblegum
2764,All the Little People,Princess Bubblegum
2765,The Great Bird Man,Princess Bubblegum
2766,Another Five More Short Graybles,Princess Bubblegum
2767,Candy Streets,Princess Bubblegum
2768,Frost & Fire,Princess Bubblegum
2769,Time Sandwich,Princess Bubblegum
2770,Red Starved,Princess Bubblegum
2771,We Fixed a Truck,Princess Bubblegum
2772,Play Date,Princess Bubblegum
2773,Breezy,Princess Bubblegum
2774,Food Chain,Princess Bubblegum
2775,Princess Day,Princess Bubblegum
2776,Everything's Jake,Princess Bubblegum
2777,Jake The Brick,Princess Bubblegum
2778,Dentist,Princess Bubblegum
2779,The Mountain,Princess Bubblegum
2780,Friends Forever,Princess Bubblegum
2781,Hoots,Princess Bubblegum
2782,Water Park Prank,Princess Bubblegum
2783,The Comet,Princess Bubblegum
2784,Cherry Cream Soda,Princess Bubblegum
2785,The Empress Eyes,Princess Bubblegum
2786,"The More You Moe, The Moe You Know (Part I)",Princess Bubblegum
2787,President Porpoise is Missing,Princess Bubblegum
2788,Scamps,Princess Bubblegum
2789,The Hall of Egress,Princess Bubblegum
2790,Don't Look,Princess Bubblegum
2791,Beyond the Grotto,Princess Bubblegum
2792,Pink Pond,Princess Bubblegum
2793,Bun Bun,Princess Bubblegum
2794,Daddy-Daughter Card Wars,Princess Bubblegum
2795,Reboot,Princess Bubblegum
2796,Two Swords,Princess Bubblegum
2797,Do No Harm,Princess Bubblegum
2798,Wheels,Princess Bubblegum
2799,Whipple the Happy Dragon,Princess Bubblegum
2800,The Light Cloud,Princess Bubblegum
2801,Orb,Princess Bubblegum
2802,Bespoken For,Princess Bubblegum
2803,Happy Warrior,Princess Bubblegum
2804,Skyhooks II,Princess Bubblegum
2805,Abstract,Princess Bubblegum
2806,Ketchup,Princess Bubblegum
2807,Whispers,Princess Bubblegum
2808,Three Buckets,Princess Bubblegum
2809,The Wild Hunt,Princess Bubblegum
2810,Son of Rap Bear,Princess Bubblegum
2811,Marcy & Hunson,Princess Bubblegum
2812,Blenanas,Princess Bubblegum
2813,Diamonds and Lemons,Princess Bubblegum
2814,Together Again,Princess Bubblegum
2815,Wizard City,Princess Bubblegum
2816,Business Time,Princess Bubblegum
2817,Still,Princess Bubblegum
2818,Apple Thief,Princess Bubblegum
2819,Marceline's Closet,Princess Bubblegum
2820,Hot to the Touch,Princess Bubblegum
2821,Gotcha!,Princess Bubblegum
2822,I Remember You,Princess Bubblegum
2823,Mystery Dungeon,Princess Bubblegum
2824,The Red Throne,Princess Bubblegum
2825,The Visitor,Princess Bubblegum
2826,Walnuts & Rain,Princess Bubblegum
2827,Mama Said,Princess Bubblegum
2828,Everything Stays,Princess Bubblegum
2829,Lady Rainicorn of the Crystal Dimension,Princess Bubblegum
2830,Winter Light,Princess Bubblegum
2831,Always BMO Closing,Princess Bubblegum
